sourceUrl,targetUrl,anchor,relationship,sourceSection,targetRoute,canonicalTarget,fragment,fileExists,fragmentExists,legacyHtmlVariant,nonPreferredHost,httpStatus,validationMethod
https://irgmedia.org/about,https://irgmedia.org/about#main,Skip to content,contextual,,/about,https://irgmedia.org/about,main,True,True,False,False,200,Committed-file lookup; fragment IDs parsed from source HTML. HTTP status is not inferred.
https://irgmedia.org/about,https://irgmedia.org/index.html,IRG,navigation,,/,https://irgmedia.org/,,True,True,True,False,200,Committed-file lookup; fragment IDs parsed from source HTML. HTTP status is not inferred.
https://irgmedia.org/about,https://irgmedia.org/services.html,Services,navigation,,/services,https://irgmedia.org/services,,True,True,True,False,200,Committed-file lookup; fragment IDs parsed from source HTML. HTTP status is not inferred.
https://irgmedia.org/about,https://irgmedia.org/why-irg.html,Why IRG,navigation,,/why-irg,https://irgmedia.org/why-irg,,True,True,True,False,200,Committed-file lookup; fragment IDs parsed from source HTML. HTTP status is not inferred.
https://irgmedia.org/about,https://irgmedia.org/approach.html,Approach,navigation,,/approach,https://irgmedia.org/approach,,True,True,True,False,200,Committed-file lookup; fragment IDs parsed from source HTML. HTTP status is not inferred.
https://irgmedia.org/about,https://irgmedia.org/work.html,Work,navigation,,/work,https://irgmedia.org/work,,True,True,True,False,200,Committed-file lookup; fragment IDs parsed from source HTML. HTTP status is not inferred.
https://irgmedia.org/about,https://irgmedia.org/resources.html,Resources,navigation,,/resources,https://irgmedia.org/resources,,True,True,True,False,200,Committed-file lookup; fragment IDs parsed from source HTML. HTTP status is not inferred.
https://irgmedia.org/about,https://irgmedia.org/about.html,About,navigation,,/about,https://irgmedia.org/about,,True,True,True,False,200,Committed-file lookup; fragment IDs parsed from source HTML. HTTP status is not inferred.
https://irgmedia.org/about,https://irgmedia.org/contact.html,Start a project,navigation,,/contact,https://irgmedia.org/contact,,True,True,True,False,200,Committed-file lookup; fragment IDs parsed from source HTML. HTTP status is not inferred.
https://irgmedia.org/about,https://irgmedia.org/index.html,IRG,navigation,,/,https://irgmedia.org/,,True,True,True,False,200,Committed-file lookup; fragment IDs parsed from source HTML. HTTP status is not inferred.
https://irgmedia.org/about,https://irgmedia.org/index.html,IRG,navigation,,/,https://irgmedia.org/,,True,True,True,False,200,Committed-file lookup; fragment IDs parsed from source HTML. HTTP status is not inferred.
https://irgmedia.org/about,https://irgmedia.org/services#creator-access,creator judgment,contextual,About / close to the work,/services,https://irgmedia.org/services,creator-access,True,True,False,False,200,Committed-file lookup; fragment IDs parsed from source HTML. HTTP status is not inferred.
https://irgmedia.org/about,https://irgmedia.org/services#campaign-operations,campaign ownership,contextual,About / close to the work,/services,https://irgmedia.org/services,campaign-operations,True,True,False,False,200,Committed-file lookup; fragment IDs parsed from source HTML. HTTP status is not inferred.
https://irgmedia.org/about,https://irgmedia.org/services#performance-learning,retained learning,contextual,About / close to the work,/services,https://irgmedia.org/services,performance-learning,True,True,False,False,200,Committed-file lookup; fragment IDs parsed from source HTML. HTTP status is not inferred.
https://irgmedia.org/about,https://irgmedia.org/services#travel,travel,contextual,About / close to the work,/services,https://irgmedia.org/services,travel,True,True,False,False,200,Committed-file lookup; fragment IDs parsed from source HTML. HTTP status is not inferred.
https://irgmedia.org/about,https://irgmedia.org/services#hospitality,hospitality,contextual,About / close to the work,/services,https://irgmedia.org/services,hospitality,True,True,False,False,200,Committed-file lookup; fragment IDs parsed from source HTML. HTTP status is not inferred.
https://irgmedia.org/about,https://irgmedia.org/services#lifestyle,lifestyle,contextual,About / close to the work,/services,https://irgmedia.org/services,lifestyle,True,True,False,False,200,Committed-file lookup; fragment IDs parsed from source HTML. HTTP status is not inferred.
https://irgmedia.org/about,https://irgmedia.org/approach#assemble,selection rationale,contextual,About / principles,/approach,https://irgmedia.org/approach,assemble,True,True,False,False,200,Committed-file lookup; fragment IDs parsed from source HTML. HTTP status is not inferred.
https://irgmedia.org/about,https://irgmedia.org/approach#assemble,selection rationale,contextual,About / principles,/approach,https://irgmedia.org/approach,assemble,True,True,False,False,200,Committed-file lookup; fragment IDs parsed from source HTML. HTTP status is not inferred.
https://irgmedia.org/about,https://irgmedia.org/approach#assemble,selection rationale,contextual,About / standards in practice,/approach,https://irgmedia.org/approach,assemble,True,True,False,False,200,Committed-file lookup; fragment IDs parsed from source HTML. HTTP status is not inferred.
https://irgmedia.org/about,https://irgmedia.org/contact.html,Start a project,contextual,,/contact,https://irgmedia.org/contact,,True,True,True,False,200,Committed-file lookup; fragment IDs parsed from source HTML. HTTP status is not inferred.
https://irgmedia.org/about,https://irgmedia.org/contact.html,Start a project,contextual,,/contact,https://irgmedia.org/contact,,True,True,True,False,200,Committed-file lookup; fragment IDs parsed from source HTML. HTTP status is not inferred.
https://irgmedia.org/about,https://irgmedia.org/contact.html,Start a project,contextual,,/contact,https://irgmedia.org/contact,,True,True,True,False,200,Committed-file lookup; fragment IDs parsed from source HTML. HTTP status is not inferred.
https://irgmedia.org/about,https://irgmedia.org/contact.html,Start a project,contextual,,/contact,https://irgmedia.org/contact,,True,True,True,False,200,Committed-file lookup; fragment IDs parsed from source HTML. HTTP status is not inferred.
https://irgmedia.org/about,https://irgmedia.org/approach,See the working relationship Clear roles and decision points across the campaign. ↗,related,,/approach,https://irgmedia.org/approach,,True,True,False,False,200,Committed-file lookup; fragment IDs parsed from source HTML. HTTP status is not inferred.
https://irgmedia.org/about,https://irgmedia.org/services#target-markets,"Find your category Travel, hospitality and lifestyle require different briefs. ↗",related,,/services,https://irgmedia.org/services,target-markets,True,True,False,False,200,Committed-file lookup; fragment IDs parsed from source HTML. HTTP status is not inferred.
https://irgmedia.org/about,https://irgmedia.org/work,Review work and methodology Client evidence and planning examples clearly labelled. ↗,related,,/work,https://irgmedia.org/work,,True,True,False,False,200,Committed-file lookup; fragment IDs parsed from source HTML. HTTP status is not inferred.
https://irgmedia.org/about,https://irgmedia.org/services.html,Services,navigation,,/services,https://irgmedia.org/services,,True,True,True,False,200,Committed-file lookup; fragment IDs parsed from source HTML. HTTP status is not inferred.
https://irgmedia.org/about,https://irgmedia.org/why-irg.html,Why IRG,navigation,,/why-irg,https://irgmedia.org/why-irg,,True,True,True,False,200,Committed-file lookup; fragment IDs parsed from source HTML. HTTP status is not inferred.
https://irgmedia.org/about,https://irgmedia.org/resources.html,Resources,navigation,,/resources,https://irgmedia.org/resources,,True,True,True,False,200,Committed-file lookup; fragment IDs parsed from source HTML. HTTP status is not inferred.
https://irgmedia.org/about,https://irgmedia.org/work.html,Work,navigation,,/work,https://irgmedia.org/work,,True,True,True,False,200,Committed-file lookup; fragment IDs parsed from source HTML. HTTP status is not inferred.
https://irgmedia.org/about,https://irgmedia.org/approach.html,Approach,navigation,,/approach,https://irgmedia.org/approach,,True,True,True,False,200,Committed-file lookup; fragment IDs parsed from source HTML. HTTP status is not inferred.
https://irgmedia.org/about,https://irgmedia.org/about.html,About,navigation,,/about,https://irgmedia.org/about,,True,True,True,False,200,Committed-file lookup; fragment IDs parsed from source HTML. HTTP status is not inferred.
https://irgmedia.org/about,https://irgmedia.org/contact.html,Contact,navigation,,/contact,https://irgmedia.org/contact,,True,True,True,False,200,Committed-file lookup; fragment IDs parsed from source HTML. HTTP status is not inferred.
https://irgmedia.org/about,https://irgmedia.org/contact.html,Start a project,navigation,,/contact,https://irgmedia.org/contact,,True,True,True,False,200,Committed-file lookup; fragment IDs parsed from source HTML. HTTP status is not inferred.
https://irgmedia.org/about,https://irgmedia.org/services.html,Services,navigation,,/services,https://irgmedia.org/services,,True,True,True,False,200,Committed-file lookup; fragment IDs parsed from source HTML. HTTP status is not inferred.
https://irgmedia.org/about,https://irgmedia.org/why-irg.html,Why IRG,navigation,,/why-irg,https://irgmedia.org/why-irg,,True,True,True,False,200,Committed-file lookup; fragment IDs parsed from source HTML. HTTP status is not inferred.
https://irgmedia.org/about,https://irgmedia.org/resources.html,Resources,navigation,,/resources,https://irgmedia.org/resources,,True,True,True,False,200,Committed-file lookup; fragment IDs parsed from source HTML. HTTP status is not inferred.
https://irgmedia.org/about,https://irgmedia.org/work.html,Work,navigation,,/work,https://irgmedia.org/work,,True,True,True,False,200,Committed-file lookup; fragment IDs parsed from source HTML. HTTP status is not inferred.
https://irgmedia.org/about,https://irgmedia.org/approach.html,Approach,navigation,,/approach,https://irgmedia.org/approach,,True,True,True,False,200,Committed-file lookup; fragment IDs parsed from source HTML. HTTP status is not inferred.
https://irgmedia.org/about,https://irgmedia.org/about.html,About,navigation,,/about,https://irgmedia.org/about,,True,True,True,False,200,Committed-file lookup; fragment IDs parsed from source HTML. HTTP status is not inferred.
https://irgmedia.org/about,https://irgmedia.org/contact.html,Contact,navigation,,/contact,https://irgmedia.org/contact,,True,True,True,False,200,Committed-file lookup; fragment IDs parsed from source HTML. HTTP status is not inferred.
https://irgmedia.org/about,https://irgmedia.org/contact.html,Start a project,navigation,,/contact,https://irgmedia.org/contact,,True,True,True,False,200,Committed-file lookup; fragment IDs parsed from source HTML. HTTP status is not inferred.
https://irgmedia.org/about,https://irgmedia.org/services.html,Services,navigation,,/services,https://irgmedia.org/services,,True,True,True,False,200,Committed-file lookup; fragment IDs parsed from source HTML. HTTP status is not inferred.
https://irgmedia.org/about,https://irgmedia.org/why-irg.html,Why IRG,navigation,,/why-irg,https://irgmedia.org/why-irg,,True,True,True,False,200,Committed-file lookup; fragment IDs parsed from source HTML. HTTP status is not inferred.
https://irgmedia.org/about,https://irgmedia.org/resources.html,Resources,navigation,,/resources,https://irgmedia.org/resources,,True,True,True,False,200,Committed-file lookup; fragment IDs parsed from source HTML. HTTP status is not inferred.
https://irgmedia.org/about,https://irgmedia.org/work.html,Work,navigation,,/work,https://irgmedia.org/work,,True,True,True,False,200,Committed-file lookup; fragment IDs parsed from source HTML. HTTP status is not inferred.
https://irgmedia.org/about,https://irgmedia.org/approach.html,Approach,navigation,,/approach,https://irgmedia.org/approach,,True,True,True,False,200,Committed-file lookup; fragment IDs parsed from source HTML. HTTP status is not inferred.
https://irgmedia.org/about,https://irgmedia.org/about.html,About,navigation,,/about,https://irgmedia.org/about,,True,True,True,False,200,Committed-file lookup; fragment IDs parsed from source HTML. HTTP status is not inferred.
https://irgmedia.org/about,https://irgmedia.org/contact.html,Contact,navigation,,/contact,https://irgmedia.org/contact,,True,True,True,False,200,Committed-file lookup; fragment IDs parsed from source HTML. HTTP status is not inferred.
https://irgmedia.org/about,https://irgmedia.org/contact.html,Start a project,navigation,,/contact,https://irgmedia.org/contact,,True,True,True,False,200,Committed-file lookup; fragment IDs parsed from source HTML. HTTP status is not inferred.
https://irgmedia.org/approach,https://irgmedia.org/approach#main,Skip to content,contextual,,/approach,https://irgmedia.org/approach,main,True,True,False,False,200,Committed-file lookup; fragment IDs parsed from source HTML. HTTP status is not inferred.
https://irgmedia.org/approach,https://irgmedia.org/index.html,IRG,navigation,,/,https://irgmedia.org/,,True,True,True,False,200,Committed-file lookup; fragment IDs parsed from source HTML. HTTP status is not inferred.
https://irgmedia.org/approach,https://irgmedia.org/services.html,Services,navigation,,/services,https://irgmedia.org/services,,True,True,True,False,200,Committed-file lookup; fragment IDs parsed from source HTML. HTTP status is not inferred.
https://irgmedia.org/approach,https://irgmedia.org/why-irg.html,Why IRG,navigation,,/why-irg,https://irgmedia.org/why-irg,,True,True,True,False,200,Committed-file lookup; fragment IDs parsed from source HTML. HTTP status is not inferred.
https://irgmedia.org/approach,https://irgmedia.org/approach.html,Approach,navigation,,/approach,https://irgmedia.org/approach,,True,True,True,False,200,Committed-file lookup; fragment IDs parsed from source HTML. HTTP status is not inferred.
https://irgmedia.org/approach,https://irgmedia.org/work.html,Work,navigation,,/work,https://irgmedia.org/work,,True,True,True,False,200,Committed-file lookup; fragment IDs parsed from source HTML. HTTP status is not inferred.
https://irgmedia.org/approach,https://irgmedia.org/resources.html,Resources,navigation,,/resources,https://irgmedia.org/resources,,True,True,True,False,200,Committed-file lookup; fragment IDs parsed from source HTML. HTTP status is not inferred.
https://irgmedia.org/approach,https://irgmedia.org/about.html,About,navigation,,/about,https://irgmedia.org/about,,True,True,True,False,200,Committed-file lookup; fragment IDs parsed from source HTML. HTTP status is not inferred.
https://irgmedia.org/approach,https://irgmedia.org/contact.html,Start a project,navigation,,/contact,https://irgmedia.org/contact,,True,True,True,False,200,Committed-file lookup; fragment IDs parsed from source HTML. HTTP status is not inferred.
https://irgmedia.org/approach,https://irgmedia.org/index.html,IRG,navigation,,/,https://irgmedia.org/,,True,True,True,False,200,Committed-file lookup; fragment IDs parsed from source HTML. HTTP status is not inferred.
https://irgmedia.org/approach,https://irgmedia.org/index.html,IRG,navigation,,/,https://irgmedia.org/,,True,True,True,False,200,Committed-file lookup; fragment IDs parsed from source HTML. HTTP status is not inferred.
https://irgmedia.org/approach,https://irgmedia.org/services#creator-access,creator selection,contextual,frame,/services,https://irgmedia.org/services,creator-access,True,True,False,False,200,Committed-file lookup; fragment IDs parsed from source HTML. HTTP status is not inferred.
https://irgmedia.org/approach,https://irgmedia.org/services#creator-access,creator recommendations,contextual,frame,/services,https://irgmedia.org/services,creator-access,True,True,False,False,200,Committed-file lookup; fragment IDs parsed from source HTML. HTTP status is not inferred.
https://irgmedia.org/approach,https://irgmedia.org/services#creator-access,creator selection,contextual,assemble,/services,https://irgmedia.org/services,creator-access,True,True,False,False,200,Committed-file lookup; fragment IDs parsed from source HTML. HTTP status is not inferred.
https://irgmedia.org/approach,https://irgmedia.org/services#campaign-operations,creator coordination,contextual,run,/services,https://irgmedia.org/services,campaign-operations,True,True,False,False,200,Committed-file lookup; fragment IDs parsed from source HTML. HTTP status is not inferred.
https://irgmedia.org/approach,https://irgmedia.org/work/holafly#measurement,available evidence,contextual,learn,/work/holafly,https://irgmedia.org/work/holafly,measurement,True,True,False,False,200,Committed-file lookup; fragment IDs parsed from source HTML. HTTP status is not inferred.
https://irgmedia.org/approach,https://irgmedia.org/work/always-on-program,the next campaign,contextual,learn,/work/always-on-program,https://irgmedia.org/work/always-on-program,,True,True,False,False,200,Committed-file lookup; fragment IDs parsed from source HTML. HTTP status is not inferred.
https://irgmedia.org/approach,https://irgmedia.org/services#performance-learning,performance review,contextual,learn,/services,https://irgmedia.org/services,performance-learning,True,True,False,False,200,Committed-file lookup; fragment IDs parsed from source HTML. HTTP status is not inferred.
https://irgmedia.org/approach,https://irgmedia.org/services#creator-access,Creator recommendations,contextual,Approach / working relationship,/services,https://irgmedia.org/services,creator-access,True,True,False,False,200,Committed-file lookup; fragment IDs parsed from source HTML. HTTP status is not inferred.
https://irgmedia.org/approach,https://irgmedia.org/services#creator-access,Creator recommendations,contextual,Approach / working relationship,/services,https://irgmedia.org/services,creator-access,True,True,False,False,200,Committed-file lookup; fragment IDs parsed from source HTML. HTTP status is not inferred.
https://irgmedia.org/approach,https://irgmedia.org/contact.html,Start a project,contextual,,/contact,https://irgmedia.org/contact,,True,True,True,False,200,Committed-file lookup; fragment IDs parsed from source HTML. HTTP status is not inferred.
https://irgmedia.org/approach,https://irgmedia.org/contact.html,Start a project,contextual,,/contact,https://irgmedia.org/contact,,True,True,True,False,200,Committed-file lookup; fragment IDs parsed from source HTML. HTTP status is not inferred.
https://irgmedia.org/approach,https://irgmedia.org/contact.html,Start a project,contextual,,/contact,https://irgmedia.org/contact,,True,True,True,False,200,Committed-file lookup; fragment IDs parsed from source HTML. HTTP status is not inferred.
https://irgmedia.org/approach,https://irgmedia.org/contact.html,Start a project,contextual,,/contact,https://irgmedia.org/contact,,True,True,True,False,200,Committed-file lookup; fragment IDs parsed from source HTML. HTTP status is not inferred.
https://irgmedia.org/approach,https://irgmedia.org/services#campaign-operations,Define the service scope Connect the operating stages to deliverables. ↗,related,,/services,https://irgmedia.org/services,campaign-operations,True,True,False,False,200,Committed-file lookup; fragment IDs parsed from source HTML. HTTP status is not inferred.
https://irgmedia.org/approach,https://irgmedia.org/work/campaign-operations,Explore a delivery example A clearly labelled campaign operations methodology example. ↗,related,,/work/campaign-operations,https://irgmedia.org/work/campaign-operations,,True,True,False,False,200,Committed-file lookup; fragment IDs parsed from source HTML. HTTP status is not inferred.
https://irgmedia.org/approach,https://irgmedia.org/work/holafly#measurement,Understand the reporting scope Keep the programme process and reporting boundaries clear. ↗,related,,/work/holafly,https://irgmedia.org/work/holafly,measurement,True,True,False,False,200,Committed-file lookup; fragment IDs parsed from source HTML. HTTP status is not inferred.
https://irgmedia.org/approach,https://irgmedia.org/services.html,Services,navigation,,/services,https://irgmedia.org/services,,True,True,True,False,200,Committed-file lookup; fragment IDs parsed from source HTML. HTTP status is not inferred.
https://irgmedia.org/approach,https://irgmedia.org/why-irg.html,Why IRG,navigation,,/why-irg,https://irgmedia.org/why-irg,,True,True,True,False,200,Committed-file lookup; fragment IDs parsed from source HTML. HTTP status is not inferred.
https://irgmedia.org/approach,https://irgmedia.org/resources.html,Resources,navigation,,/resources,https://irgmedia.org/resources,,True,True,True,False,200,Committed-file lookup; fragment IDs parsed from source HTML. HTTP status is not inferred.
https://irgmedia.org/approach,https://irgmedia.org/work.html,Work,navigation,,/work,https://irgmedia.org/work,,True,True,True,False,200,Committed-file lookup; fragment IDs parsed from source HTML. HTTP status is not inferred.
https://irgmedia.org/approach,https://irgmedia.org/approach.html,Approach,navigation,,/approach,https://irgmedia.org/approach,,True,True,True,False,200,Committed-file lookup; fragment IDs parsed from source HTML. HTTP status is not inferred.
https://irgmedia.org/approach,https://irgmedia.org/about.html,About,navigation,,/about,https://irgmedia.org/about,,True,True,True,False,200,Committed-file lookup; fragment IDs parsed from source HTML. HTTP status is not inferred.
https://irgmedia.org/approach,https://irgmedia.org/contact.html,Contact,navigation,,/contact,https://irgmedia.org/contact,,True,True,True,False,200,Committed-file lookup; fragment IDs parsed from source HTML. HTTP status is not inferred.
https://irgmedia.org/approach,https://irgmedia.org/contact.html,Start a project,navigation,,/contact,https://irgmedia.org/contact,,True,True,True,False,200,Committed-file lookup; fragment IDs parsed from source HTML. HTTP status is not inferred.
https://irgmedia.org/approach,https://irgmedia.org/services.html,Services,navigation,,/services,https://irgmedia.org/services,,True,True,True,False,200,Committed-file lookup; fragment IDs parsed from source HTML. HTTP status is not inferred.
https://irgmedia.org/approach,https://irgmedia.org/why-irg.html,Why IRG,navigation,,/why-irg,https://irgmedia.org/why-irg,,True,True,True,False,200,Committed-file lookup; fragment IDs parsed from source HTML. HTTP status is not inferred.
https://irgmedia.org/approach,https://irgmedia.org/resources.html,Resources,navigation,,/resources,https://irgmedia.org/resources,,True,True,True,False,200,Committed-file lookup; fragment IDs parsed from source HTML. HTTP status is not inferred.
https://irgmedia.org/approach,https://irgmedia.org/work.html,Work,navigation,,/work,https://irgmedia.org/work,,True,True,True,False,200,Committed-file lookup; fragment IDs parsed from source HTML. HTTP status is not inferred.
https://irgmedia.org/approach,https://irgmedia.org/approach.html,Approach,navigation,,/approach,https://irgmedia.org/approach,,True,True,True,False,200,Committed-file lookup; fragment IDs parsed from source HTML. HTTP status is not inferred.
https://irgmedia.org/approach,https://irgmedia.org/about.html,About,navigation,,/about,https://irgmedia.org/about,,True,True,True,False,200,Committed-file lookup; fragment IDs parsed from source HTML. HTTP status is not inferred.
https://irgmedia.org/approach,https://irgmedia.org/contact.html,Contact,navigation,,/contact,https://irgmedia.org/contact,,True,True,True,False,200,Committed-file lookup; fragment IDs parsed from source HTML. HTTP status is not inferred.
https://irgmedia.org/approach,https://irgmedia.org/contact.html,Start a project,navigation,,/contact,https://irgmedia.org/contact,,True,True,True,False,200,Committed-file lookup; fragment IDs parsed from source HTML. HTTP status is not inferred.
https://irgmedia.org/approach,https://irgmedia.org/services.html,Services,navigation,,/services,https://irgmedia.org/services,,True,True,True,False,200,Committed-file lookup; fragment IDs parsed from source HTML. HTTP status is not inferred.
https://irgmedia.org/approach,https://irgmedia.org/why-irg.html,Why IRG,navigation,,/why-irg,https://irgmedia.org/why-irg,,True,True,True,False,200,Committed-file lookup; fragment IDs parsed from source HTML. HTTP status is not inferred.
https://irgmedia.org/approach,https://irgmedia.org/resources.html,Resources,navigation,,/resources,https://irgmedia.org/resources,,True,True,True,False,200,Committed-file lookup; fragment IDs parsed from source HTML. HTTP status is not inferred.
https://irgmedia.org/approach,https://irgmedia.org/work.html,Work,navigation,,/work,https://irgmedia.org/work,,True,True,True,False,200,Committed-file lookup; fragment IDs parsed from source HTML. HTTP status is not inferred.
https://irgmedia.org/approach,https://irgmedia.org/approach.html,Approach,navigation,,/approach,https://irgmedia.org/approach,,True,True,True,False,200,Committed-file lookup; fragment IDs parsed from source HTML. HTTP status is not inferred.
https://irgmedia.org/approach,https://irgmedia.org/about.html,About,navigation,,/about,https://irgmedia.org/about,,True,True,True,False,200,Committed-file lookup; fragment IDs parsed from source HTML. HTTP status is not inferred.
https://irgmedia.org/approach,https://irgmedia.org/contact.html,Contact,navigation,,/contact,https://irgmedia.org/contact,,True,True,True,False,200,Committed-file lookup; fragment IDs parsed from source HTML. HTTP status is not inferred.
https://irgmedia.org/approach,https://irgmedia.org/contact.html,Start a project,navigation,,/contact,https://irgmedia.org/contact,,True,True,True,False,200,Committed-file lookup; fragment IDs parsed from source HTML. HTTP status is not inferred.
https://irgmedia.org/contact,https://irgmedia.org/contact#main,Skip to content,contextual,,/contact,https://irgmedia.org/contact,main,True,True,False,False,200,Committed-file lookup; fragment IDs parsed from source HTML. HTTP status is not inferred.
https://irgmedia.org/contact,https://irgmedia.org/index.html,IRG,navigation,,/,https://irgmedia.org/,,True,True,True,False,200,Committed-file lookup; fragment IDs parsed from source HTML. HTTP status is not inferred.
https://irgmedia.org/contact,https://irgmedia.org/services.html,Services,navigation,,/services,https://irgmedia.org/services,,True,True,True,False,200,Committed-file lookup; fragment IDs parsed from source HTML. HTTP status is not inferred.
https://irgmedia.org/contact,https://irgmedia.org/why-irg.html,Why IRG,navigation,,/why-irg,https://irgmedia.org/why-irg,,True,True,True,False,200,Committed-file lookup; fragment IDs parsed from source HTML. HTTP status is not inferred.
https://irgmedia.org/contact,https://irgmedia.org/approach.html,Approach,navigation,,/approach,https://irgmedia.org/approach,,True,True,True,False,200,Committed-file lookup; fragment IDs parsed from source HTML. HTTP status is not inferred.
https://irgmedia.org/contact,https://irgmedia.org/work.html,Work,navigation,,/work,https://irgmedia.org/work,,True,True,True,False,200,Committed-file lookup; fragment IDs parsed from source HTML. HTTP status is not inferred.
https://irgmedia.org/contact,https://irgmedia.org/resources.html,Resources,navigation,,/resources,https://irgmedia.org/resources,,True,True,True,False,200,Committed-file lookup; fragment IDs parsed from source HTML. HTTP status is not inferred.
https://irgmedia.org/contact,https://irgmedia.org/about.html,About,navigation,,/about,https://irgmedia.org/about,,True,True,True,False,200,Committed-file lookup; fragment IDs parsed from source HTML. HTTP status is not inferred.
https://irgmedia.org/contact,https://irgmedia.org/contact.html,Start a project,navigation,,/contact,https://irgmedia.org/contact,,True,True,True,False,200,Committed-file lookup; fragment IDs parsed from source HTML. HTTP status is not inferred.
https://irgmedia.org/contact,https://irgmedia.org/index.html,IRG,navigation,,/,https://irgmedia.org/,,True,True,True,False,200,Committed-file lookup; fragment IDs parsed from source HTML. HTTP status is not inferred.
https://irgmedia.org/contact,https://irgmedia.org/index.html,IRG,navigation,,/,https://irgmedia.org/,,True,True,True,False,200,Committed-file lookup; fragment IDs parsed from source HTML. HTTP status is not inferred.
https://irgmedia.org/contact,https://irgmedia.org/services#target-markets,market,contextual,,/services,https://irgmedia.org/services,target-markets,True,True,False,False,200,Committed-file lookup; fragment IDs parsed from source HTML. HTTP status is not inferred.
https://irgmedia.org/contact,https://irgmedia.org/services#target-markets,market,contextual,,/services,https://irgmedia.org/services,target-markets,True,True,False,False,200,Committed-file lookup; fragment IDs parsed from source HTML. HTTP status is not inferred.
https://irgmedia.org/contact,https://irgmedia.org/approach#run,operating challenge,contextual,,/approach,https://irgmedia.org/approach,run,True,True,False,False,200,Committed-file lookup; fragment IDs parsed from source HTML. HTTP status is not inferred.
https://irgmedia.org/contact,https://irgmedia.org/privacy.html,Privacy,contextual,,/privacy,https://irgmedia.org/privacy,,True,True,True,False,200,Committed-file lookup; fragment IDs parsed from source HTML. HTTP status is not inferred.
https://irgmedia.org/contact,https://irgmedia.org/approach#run,operating challenge,contextual,Contact / what happens next,/approach,https://irgmedia.org/approach,run,True,True,False,False,200,Committed-file lookup; fragment IDs parsed from source HTML. HTTP status is not inferred.
https://irgmedia.org/contact,https://irgmedia.org/approach#frame,shape a brief,contextual,Contact / what happens next,/approach,https://irgmedia.org/approach,frame,True,True,False,False,200,Committed-file lookup; fragment IDs parsed from source HTML. HTTP status is not inferred.
https://irgmedia.org/contact,https://irgmedia.org/services#target-markets,Explore your market Review the category questions before sending context. ↗,related,,/services,https://irgmedia.org/services,target-markets,True,True,False,False,200,Committed-file lookup; fragment IDs parsed from source HTML. HTTP status is not inferred.
https://irgmedia.org/contact,https://irgmedia.org/approach,Understand the next steps See responsibilities from Frame through Learn. ↗,related,,/approach,https://irgmedia.org/approach,,True,True,False,False,200,Committed-file lookup; fragment IDs parsed from source HTML. HTTP status is not inferred.
https://irgmedia.org/contact,https://irgmedia.org/work/holafly,"Review a client programme Inspect creator selection, briefs and repeat collaboration. ↗",related,,/work/holafly,https://irgmedia.org/work/holafly,,True,True,False,False,200,Committed-file lookup; fragment IDs parsed from source HTML. HTTP status is not inferred.
https://irgmedia.org/contact,https://irgmedia.org/services.html,Services,navigation,,/services,https://irgmedia.org/services,,True,True,True,False,200,Committed-file lookup; fragment IDs parsed from source HTML. HTTP status is not inferred.
https://irgmedia.org/contact,https://irgmedia.org/why-irg.html,Why IRG,navigation,,/why-irg,https://irgmedia.org/why-irg,,True,True,True,False,200,Committed-file lookup; fragment IDs parsed from source HTML. HTTP status is not inferred.
https://irgmedia.org/contact,https://irgmedia.org/resources.html,Resources,navigation,,/resources,https://irgmedia.org/resources,,True,True,True,False,200,Committed-file lookup; fragment IDs parsed from source HTML. HTTP status is not inferred.
https://irgmedia.org/contact,https://irgmedia.org/work.html,Work,navigation,,/work,https://irgmedia.org/work,,True,True,True,False,200,Committed-file lookup; fragment IDs parsed from source HTML. HTTP status is not inferred.
https://irgmedia.org/contact,https://irgmedia.org/approach.html,Approach,navigation,,/approach,https://irgmedia.org/approach,,True,True,True,False,200,Committed-file lookup; fragment IDs parsed from source HTML. HTTP status is not inferred.
https://irgmedia.org/contact,https://irgmedia.org/about.html,About,navigation,,/about,https://irgmedia.org/about,,True,True,True,False,200,Committed-file lookup; fragment IDs parsed from source HTML. HTTP status is not inferred.
https://irgmedia.org/contact,https://irgmedia.org/contact.html,Contact,navigation,,/contact,https://irgmedia.org/contact,,True,True,True,False,200,Committed-file lookup; fragment IDs parsed from source HTML. HTTP status is not inferred.
https://irgmedia.org/contact,https://irgmedia.org/contact.html,Start a project,navigation,,/contact,https://irgmedia.org/contact,,True,True,True,False,200,Committed-file lookup; fragment IDs parsed from source HTML. HTTP status is not inferred.
https://irgmedia.org/contact,https://irgmedia.org/services.html,Services,navigation,,/services,https://irgmedia.org/services,,True,True,True,False,200,Committed-file lookup; fragment IDs parsed from source HTML. HTTP status is not inferred.
https://irgmedia.org/contact,https://irgmedia.org/why-irg.html,Why IRG,navigation,,/why-irg,https://irgmedia.org/why-irg,,True,True,True,False,200,Committed-file lookup; fragment IDs parsed from source HTML. HTTP status is not inferred.
https://irgmedia.org/contact,https://irgmedia.org/resources.html,Resources,navigation,,/resources,https://irgmedia.org/resources,,True,True,True,False,200,Committed-file lookup; fragment IDs parsed from source HTML. HTTP status is not inferred.
https://irgmedia.org/contact,https://irgmedia.org/work.html,Work,navigation,,/work,https://irgmedia.org/work,,True,True,True,False,200,Committed-file lookup; fragment IDs parsed from source HTML. HTTP status is not inferred.
https://irgmedia.org/contact,https://irgmedia.org/approach.html,Approach,navigation,,/approach,https://irgmedia.org/approach,,True,True,True,False,200,Committed-file lookup; fragment IDs parsed from source HTML. HTTP status is not inferred.
https://irgmedia.org/contact,https://irgmedia.org/about.html,About,navigation,,/about,https://irgmedia.org/about,,True,True,True,False,200,Committed-file lookup; fragment IDs parsed from source HTML. HTTP status is not inferred.
https://irgmedia.org/contact,https://irgmedia.org/contact.html,Contact,navigation,,/contact,https://irgmedia.org/contact,,True,True,True,False,200,Committed-file lookup; fragment IDs parsed from source HTML. HTTP status is not inferred.
https://irgmedia.org/contact,https://irgmedia.org/contact.html,Start a project,navigation,,/contact,https://irgmedia.org/contact,,True,True,True,False,200,Committed-file lookup; fragment IDs parsed from source HTML. HTTP status is not inferred.
https://irgmedia.org/contact,https://irgmedia.org/services.html,Services,navigation,,/services,https://irgmedia.org/services,,True,True,True,False,200,Committed-file lookup; fragment IDs parsed from source HTML. HTTP status is not inferred.
https://irgmedia.org/contact,https://irgmedia.org/why-irg.html,Why IRG,navigation,,/why-irg,https://irgmedia.org/why-irg,,True,True,True,False,200,Committed-file lookup; fragment IDs parsed from source HTML. HTTP status is not inferred.
https://irgmedia.org/contact,https://irgmedia.org/resources.html,Resources,navigation,,/resources,https://irgmedia.org/resources,,True,True,True,False,200,Committed-file lookup; fragment IDs parsed from source HTML. HTTP status is not inferred.
https://irgmedia.org/contact,https://irgmedia.org/work.html,Work,navigation,,/work,https://irgmedia.org/work,,True,True,True,False,200,Committed-file lookup; fragment IDs parsed from source HTML. HTTP status is not inferred.
https://irgmedia.org/contact,https://irgmedia.org/approach.html,Approach,navigation,,/approach,https://irgmedia.org/approach,,True,True,True,False,200,Committed-file lookup; fragment IDs parsed from source HTML. HTTP status is not inferred.
https://irgmedia.org/contact,https://irgmedia.org/about.html,About,navigation,,/about,https://irgmedia.org/about,,True,True,True,False,200,Committed-file lookup; fragment IDs parsed from source HTML. HTTP status is not inferred.
https://irgmedia.org/contact,https://irgmedia.org/contact.html,Contact,navigation,,/contact,https://irgmedia.org/contact,,True,True,True,False,200,Committed-file lookup; fragment IDs parsed from source HTML. HTTP status is not inferred.
https://irgmedia.org/contact,https://irgmedia.org/contact.html,Start a project,navigation,,/contact,https://irgmedia.org/contact,,True,True,True,False,200,Committed-file lookup; fragment IDs parsed from source HTML. HTTP status is not inferred.
https://irgmedia.org/,https://irgmedia.org/#main,Skip to content,contextual,,/,https://irgmedia.org/,main,True,True,False,False,200,Committed-file lookup; fragment IDs parsed from source HTML. HTTP status is not inferred.
https://irgmedia.org/,https://irgmedia.org/index.html,IRG,navigation,,/,https://irgmedia.org/,,True,True,True,False,200,Committed-file lookup; fragment IDs parsed from source HTML. HTTP status is not inferred.
https://irgmedia.org/,https://irgmedia.org/services.html,Services,navigation,,/services,https://irgmedia.org/services,,True,True,True,False,200,Committed-file lookup; fragment IDs parsed from source HTML. HTTP status is not inferred.
https://irgmedia.org/,https://irgmedia.org/why-irg.html,Why IRG,navigation,,/why-irg,https://irgmedia.org/why-irg,,True,True,True,False,200,Committed-file lookup; fragment IDs parsed from source HTML. HTTP status is not inferred.
https://irgmedia.org/,https://irgmedia.org/approach.html,Approach,navigation,,/approach,https://irgmedia.org/approach,,True,True,True,False,200,Committed-file lookup; fragment IDs parsed from source HTML. HTTP status is not inferred.
https://irgmedia.org/,https://irgmedia.org/work.html,Work,navigation,,/work,https://irgmedia.org/work,,True,True,True,False,200,Committed-file lookup; fragment IDs parsed from source HTML. HTTP status is not inferred.
https://irgmedia.org/,https://irgmedia.org/resources.html,Resources,navigation,,/resources,https://irgmedia.org/resources,,True,True,True,False,200,Committed-file lookup; fragment IDs parsed from source HTML. HTTP status is not inferred.
https://irgmedia.org/,https://irgmedia.org/about.html,About,navigation,,/about,https://irgmedia.org/about,,True,True,True,False,200,Committed-file lookup; fragment IDs parsed from source HTML. HTTP status is not inferred.
https://irgmedia.org/,https://irgmedia.org/contact.html,Start a project,navigation,,/contact,https://irgmedia.org/contact,,True,True,True,False,200,Committed-file lookup; fragment IDs parsed from source HTML. HTTP status is not inferred.
https://irgmedia.org/,https://irgmedia.org/index.html,IRG,navigation,,/,https://irgmedia.org/,,True,True,True,False,200,Committed-file lookup; fragment IDs parsed from source HTML. HTTP status is not inferred.
https://irgmedia.org/,https://irgmedia.org/index.html,IRG,navigation,,/,https://irgmedia.org/,,True,True,True,False,200,Committed-file lookup; fragment IDs parsed from source HTML. HTTP status is not inferred.
https://irgmedia.org/,https://irgmedia.org/services#travel,travel,contextual,,/services,https://irgmedia.org/services,travel,True,True,False,False,200,Committed-file lookup; fragment IDs parsed from source HTML. HTTP status is not inferred.
https://irgmedia.org/,https://irgmedia.org/services#hospitality,hospitality,contextual,,/services,https://irgmedia.org/services,hospitality,True,True,False,False,200,Committed-file lookup; fragment IDs parsed from source HTML. HTTP status is not inferred.
https://irgmedia.org/,https://irgmedia.org/services#lifestyle,lifestyle,contextual,,/services,https://irgmedia.org/services,lifestyle,True,True,False,False,200,Committed-file lookup; fragment IDs parsed from source HTML. HTTP status is not inferred.
https://irgmedia.org/,https://irgmedia.org/services#travel,travel,contextual,,/services,https://irgmedia.org/services,travel,True,True,False,False,200,Committed-file lookup; fragment IDs parsed from source HTML. HTTP status is not inferred.
https://irgmedia.org/,https://irgmedia.org/services#hospitality,hospitality,contextual,,/services,https://irgmedia.org/services,hospitality,True,True,False,False,200,Committed-file lookup; fragment IDs parsed from source HTML. HTTP status is not inferred.
https://irgmedia.org/,https://irgmedia.org/services#lifestyle,lifestyle,contextual,,/services,https://irgmedia.org/services,lifestyle,True,True,False,False,200,Committed-file lookup; fragment IDs parsed from source HTML. HTTP status is not inferred.
https://irgmedia.org/,https://irgmedia.org/contact.html,Start a project,contextual,,/contact,https://irgmedia.org/contact,,True,True,True,False,200,Committed-file lookup; fragment IDs parsed from source HTML. HTTP status is not inferred.
https://irgmedia.org/,https://irgmedia.org/services#creator-access,Creator relationships,contextual,,/services,https://irgmedia.org/services,creator-access,True,True,False,False,200,Committed-file lookup; fragment IDs parsed from source HTML. HTTP status is not inferred.
https://irgmedia.org/,https://irgmedia.org/services#campaign-operations,connected delivery,contextual,,/services,https://irgmedia.org/services,campaign-operations,True,True,False,False,200,Committed-file lookup; fragment IDs parsed from source HTML. HTTP status is not inferred.
https://irgmedia.org/,https://irgmedia.org/approach#learn,learning that carries,contextual,,/approach,https://irgmedia.org/approach,learn,True,True,False,False,200,Committed-file lookup; fragment IDs parsed from source HTML. HTTP status is not inferred.
https://irgmedia.org/,https://irgmedia.org/services#creator-access,Creator relationships,contextual,,/services,https://irgmedia.org/services,creator-access,True,True,False,False,200,Committed-file lookup; fragment IDs parsed from source HTML. HTTP status is not inferred.
https://irgmedia.org/,https://irgmedia.org/services#creator-access,Creator relationships,contextual,,/services,https://irgmedia.org/services,creator-access,True,True,False,False,200,Committed-file lookup; fragment IDs parsed from source HTML. HTTP status is not inferred.
https://irgmedia.org/,https://irgmedia.org/services#campaign-operations,Connected delivery,contextual,,/services,https://irgmedia.org/services,campaign-operations,True,True,False,False,200,Committed-file lookup; fragment IDs parsed from source HTML. HTTP status is not inferred.
https://irgmedia.org/,https://irgmedia.org/services#campaign-operations,Connected delivery,contextual,,/services,https://irgmedia.org/services,campaign-operations,True,True,False,False,200,Committed-file lookup; fragment IDs parsed from source HTML. HTTP status is not inferred.
https://irgmedia.org/,https://irgmedia.org/services#creator-access,Creator relationships,contextual,,/services,https://irgmedia.org/services,creator-access,True,True,False,False,200,Committed-file lookup; fragment IDs parsed from source HTML. HTTP status is not inferred.
https://irgmedia.org/,https://irgmedia.org/services#campaign-operations,Connected delivery,contextual,,/services,https://irgmedia.org/services,campaign-operations,True,True,False,False,200,Committed-file lookup; fragment IDs parsed from source HTML. HTTP status is not inferred.
https://irgmedia.org/,https://irgmedia.org/services#creator-access,Creator relationships,contextual,,/services,https://irgmedia.org/services,creator-access,True,True,False,False,200,Committed-file lookup; fragment IDs parsed from source HTML. HTTP status is not inferred.
https://irgmedia.org/,https://irgmedia.org/services#campaign-operations,connected delivery,contextual,,/services,https://irgmedia.org/services,campaign-operations,True,True,False,False,200,Committed-file lookup; fragment IDs parsed from source HTML. HTTP status is not inferred.
https://irgmedia.org/,https://irgmedia.org/approach#learn,learning that carries,contextual,,/approach,https://irgmedia.org/approach,learn,True,True,False,False,200,Committed-file lookup; fragment IDs parsed from source HTML. HTTP status is not inferred.
https://irgmedia.org/,https://irgmedia.org/services#creator-access,Creator relationships,contextual,,/services,https://irgmedia.org/services,creator-access,True,True,False,False,200,Committed-file lookup; fragment IDs parsed from source HTML. HTTP status is not inferred.
https://irgmedia.org/,https://irgmedia.org/services#campaign-operations,connected delivery,contextual,,/services,https://irgmedia.org/services,campaign-operations,True,True,False,False,200,Committed-file lookup; fragment IDs parsed from source HTML. HTTP status is not inferred.
https://irgmedia.org/,https://irgmedia.org/approach#learn,learning that carries,contextual,,/approach,https://irgmedia.org/approach,learn,True,True,False,False,200,Committed-file lookup; fragment IDs parsed from source HTML. HTTP status is not inferred.
https://irgmedia.org/,https://irgmedia.org/index.html#approach,See how IRG works See how IRG works,contextual,,/,https://irgmedia.org/,approach,True,True,True,False,200,Committed-file lookup; fragment IDs parsed from source HTML. HTTP status is not inferred.
https://irgmedia.org/,https://irgmedia.org/services#hospitality,Hospitality,contextual,,/services,https://irgmedia.org/services,hospitality,True,True,False,False,200,Committed-file lookup; fragment IDs parsed from source HTML. HTTP status is not inferred.
https://irgmedia.org/,https://irgmedia.org/services#travel,Travel,contextual,,/services,https://irgmedia.org/services,travel,True,True,False,False,200,Committed-file lookup; fragment IDs parsed from source HTML. HTTP status is not inferred.
https://irgmedia.org/,https://irgmedia.org/services#hospitality,Hospitality,contextual,,/services,https://irgmedia.org/services,hospitality,True,True,False,False,200,Committed-file lookup; fragment IDs parsed from source HTML. HTTP status is not inferred.
https://irgmedia.org/,https://irgmedia.org/services#travel,Travel,contextual,,/services,https://irgmedia.org/services,travel,True,True,False,False,200,Committed-file lookup; fragment IDs parsed from source HTML. HTTP status is not inferred.
https://irgmedia.org/,https://irgmedia.org/work/campaign-operations,campaign operations,contextual,,/work/campaign-operations,https://irgmedia.org/work/campaign-operations,,True,True,False,False,200,Committed-file lookup; fragment IDs parsed from source HTML. HTTP status is not inferred.
https://irgmedia.org/,https://irgmedia.org/work/always-on-program,always-on planning,contextual,,/work/always-on-program,https://irgmedia.org/work/always-on-program,,True,True,False,False,200,Committed-file lookup; fragment IDs parsed from source HTML. HTTP status is not inferred.
https://irgmedia.org/,https://irgmedia.org/work/campaign-operations,campaign operations,contextual,,/work/campaign-operations,https://irgmedia.org/work/campaign-operations,,True,True,False,False,200,Committed-file lookup; fragment IDs parsed from source HTML. HTTP status is not inferred.
https://irgmedia.org/,https://irgmedia.org/work/always-on-program,always-on planning,contextual,,/work/always-on-program,https://irgmedia.org/work/always-on-program,,True,True,False,False,200,Committed-file lookup; fragment IDs parsed from source HTML. HTTP status is not inferred.
https://irgmedia.org/,https://irgmedia.org/work/holafly,always-on creator programme,contextual,Selected work,/work/holafly,https://irgmedia.org/work/holafly,,True,True,False,False,200,Committed-file lookup; fragment IDs parsed from source HTML. HTTP status is not inferred.
https://irgmedia.org/,https://irgmedia.org/work/holafly.html,SEE WORK,contextual,Selected work,/work/holafly,https://irgmedia.org/work/holafly,,True,True,True,False,200,Committed-file lookup; fragment IDs parsed from source HTML. HTTP status is not inferred.
https://irgmedia.org/,https://irgmedia.org/work/campaign-operations.html,SEE WORK,contextual,Selected work,/work/campaign-operations,https://irgmedia.org/work/campaign-operations,,True,True,True,False,200,Committed-file lookup; fragment IDs parsed from source HTML. HTTP status is not inferred.
https://irgmedia.org/,https://irgmedia.org/services#lifestyle,lifestyle,contextual,Selected work,/services,https://irgmedia.org/services,lifestyle,True,True,False,False,200,Committed-file lookup; fragment IDs parsed from source HTML. HTTP status is not inferred.
https://irgmedia.org/,https://irgmedia.org/work/always-on-program.html,SEE WORK,contextual,Selected work,/work/always-on-program,https://irgmedia.org/work/always-on-program,,True,True,True,False,200,Committed-file lookup; fragment IDs parsed from source HTML. HTTP status is not inferred.
https://irgmedia.org/,https://irgmedia.org/services#travel,travel,contextual,Selected work,/services,https://irgmedia.org/services,travel,True,True,False,False,200,Committed-file lookup; fragment IDs parsed from source HTML. HTTP status is not inferred.
https://irgmedia.org/,https://irgmedia.org/services#hospitality,hospitality,contextual,Selected work,/services,https://irgmedia.org/services,hospitality,True,True,False,False,200,Committed-file lookup; fragment IDs parsed from source HTML. HTTP status is not inferred.
https://irgmedia.org/,https://irgmedia.org/work/hospitality-travel-brief.html,SEE WORK,contextual,Selected work,/work/hospitality-travel-brief,https://irgmedia.org/work/hospitality-travel-brief,,True,True,True,False,200,Committed-file lookup; fragment IDs parsed from source HTML. HTTP status is not inferred.
https://irgmedia.org/,https://irgmedia.org/resources.html,Explore the resource,contextual,Resources CTA,/resources,https://irgmedia.org/resources,,True,True,True,False,200,Committed-file lookup; fragment IDs parsed from source HTML. HTTP status is not inferred.
https://irgmedia.org/,https://irgmedia.org/contact.html,Start a project,contextual,,/contact,https://irgmedia.org/contact,,True,True,True,False,200,Committed-file lookup; fragment IDs parsed from source HTML. HTTP status is not inferred.
https://irgmedia.org/,https://irgmedia.org/contact.html,Start a project,contextual,,/contact,https://irgmedia.org/contact,,True,True,True,False,200,Committed-file lookup; fragment IDs parsed from source HTML. HTTP status is not inferred.
https://irgmedia.org/,https://irgmedia.org/contact.html,Start a project,contextual,,/contact,https://irgmedia.org/contact,,True,True,True,False,200,Committed-file lookup; fragment IDs parsed from source HTML. HTTP status is not inferred.
https://irgmedia.org/,https://irgmedia.org/contact.html,Start a project,contextual,,/contact,https://irgmedia.org/contact,,True,True,True,False,200,Committed-file lookup; fragment IDs parsed from source HTML. HTTP status is not inferred.
https://irgmedia.org/,https://irgmedia.org/services#creator-access,creator access,contextual,faq,/services,https://irgmedia.org/services,creator-access,True,True,False,False,200,Committed-file lookup; fragment IDs parsed from source HTML. HTTP status is not inferred.
https://irgmedia.org/,https://irgmedia.org/services#campaign-operations,campaign operations,contextual,faq,/services,https://irgmedia.org/services,campaign-operations,True,True,False,False,200,Committed-file lookup; fragment IDs parsed from source HTML. HTTP status is not inferred.
https://irgmedia.org/,https://irgmedia.org/services#performance-learning,performance learning,contextual,faq,/services,https://irgmedia.org/services,performance-learning,True,True,False,False,200,Committed-file lookup; fragment IDs parsed from source HTML. HTTP status is not inferred.
https://irgmedia.org/,https://irgmedia.org/services#travel,travel,contextual,faq,/services,https://irgmedia.org/services,travel,True,True,False,False,200,Committed-file lookup; fragment IDs parsed from source HTML. HTTP status is not inferred.
https://irgmedia.org/,https://irgmedia.org/services#hospitality,hospitality,contextual,faq,/services,https://irgmedia.org/services,hospitality,True,True,False,False,200,Committed-file lookup; fragment IDs parsed from source HTML. HTTP status is not inferred.
https://irgmedia.org/,https://irgmedia.org/services#lifestyle,lifestyle,contextual,faq,/services,https://irgmedia.org/services,lifestyle,True,True,False,False,200,Committed-file lookup; fragment IDs parsed from source HTML. HTTP status is not inferred.
https://irgmedia.org/,https://irgmedia.org/approach#frame,Frame,contextual,faq,/approach,https://irgmedia.org/approach,frame,True,True,False,False,200,Committed-file lookup; fragment IDs parsed from source HTML. HTTP status is not inferred.
https://irgmedia.org/,https://irgmedia.org/approach#assemble,Assemble,contextual,faq,/approach,https://irgmedia.org/approach,assemble,True,True,False,False,200,Committed-file lookup; fragment IDs parsed from source HTML. HTTP status is not inferred.
https://irgmedia.org/,https://irgmedia.org/services#performance-learning,Performance learning,contextual,faq,/services,https://irgmedia.org/services,performance-learning,True,True,False,False,200,Committed-file lookup; fragment IDs parsed from source HTML. HTTP status is not inferred.
https://irgmedia.org/,https://irgmedia.org/approach,operating model,contextual,faq,/approach,https://irgmedia.org/approach,,True,True,False,False,200,Committed-file lookup; fragment IDs parsed from source HTML. HTTP status is not inferred.
https://irgmedia.org/,https://irgmedia.org/work/always-on-program#content,always-on planning,contextual,faq,/work/always-on-program,https://irgmedia.org/work/always-on-program,content,True,True,False,False,200,Committed-file lookup; fragment IDs parsed from source HTML. HTTP status is not inferred.
https://irgmedia.org/,https://irgmedia.org/services#creator-access,creator access,contextual,faq,/services,https://irgmedia.org/services,creator-access,True,True,False,False,200,Committed-file lookup; fragment IDs parsed from source HTML. HTTP status is not inferred.
https://irgmedia.org/,https://irgmedia.org/services#campaign-operations,campaign operations,contextual,faq,/services,https://irgmedia.org/services,campaign-operations,True,True,False,False,200,Committed-file lookup; fragment IDs parsed from source HTML. HTTP status is not inferred.
https://irgmedia.org/,https://irgmedia.org/services#performance-learning,performance learning,contextual,faq,/services,https://irgmedia.org/services,performance-learning,True,True,False,False,200,Committed-file lookup; fragment IDs parsed from source HTML. HTTP status is not inferred.
https://irgmedia.org/,https://irgmedia.org/services#travel,travel,contextual,faq,/services,https://irgmedia.org/services,travel,True,True,False,False,200,Committed-file lookup; fragment IDs parsed from source HTML. HTTP status is not inferred.
https://irgmedia.org/,https://irgmedia.org/services#hospitality,hospitality,contextual,faq,/services,https://irgmedia.org/services,hospitality,True,True,False,False,200,Committed-file lookup; fragment IDs parsed from source HTML. HTTP status is not inferred.
https://irgmedia.org/,https://irgmedia.org/services#lifestyle,lifestyle,contextual,faq,/services,https://irgmedia.org/services,lifestyle,True,True,False,False,200,Committed-file lookup; fragment IDs parsed from source HTML. HTTP status is not inferred.
https://irgmedia.org/,https://irgmedia.org/approach#frame,Frame,contextual,faq,/approach,https://irgmedia.org/approach,frame,True,True,False,False,200,Committed-file lookup; fragment IDs parsed from source HTML. HTTP status is not inferred.
https://irgmedia.org/,https://irgmedia.org/approach#assemble,Assemble,contextual,faq,/approach,https://irgmedia.org/approach,assemble,True,True,False,False,200,Committed-file lookup; fragment IDs parsed from source HTML. HTTP status is not inferred.
https://irgmedia.org/,https://irgmedia.org/services#performance-learning,Performance learning,contextual,faq,/services,https://irgmedia.org/services,performance-learning,True,True,False,False,200,Committed-file lookup; fragment IDs parsed from source HTML. HTTP status is not inferred.
https://irgmedia.org/,https://irgmedia.org/approach,operating model,contextual,faq,/approach,https://irgmedia.org/approach,,True,True,False,False,200,Committed-file lookup; fragment IDs parsed from source HTML. HTTP status is not inferred.
https://irgmedia.org/,https://irgmedia.org/work/always-on-program#content,always-on planning,contextual,faq,/work/always-on-program,https://irgmedia.org/work/always-on-program,content,True,True,False,False,200,Committed-file lookup; fragment IDs parsed from source HTML. HTTP status is not inferred.
https://irgmedia.org/,https://irgmedia.org/services#target-markets,"Travel, hospitality or lifestyle? Find the relevant brief and service scope. ↗",related,,/services,https://irgmedia.org/services,target-markets,True,True,False,False,200,Committed-file lookup; fragment IDs parsed from source HTML. HTTP status is not inferred.
https://irgmedia.org/,https://irgmedia.org/work/holafly,"Explore the Holafly programme Read how creator sourcing, briefs and repeat collaboration connect. ↗",related,,/work/holafly,https://irgmedia.org/work/holafly,,True,True,False,False,200,Committed-file lookup; fragment IDs parsed from source HTML. HTTP status is not inferred.
https://irgmedia.org/,https://irgmedia.org/approach,"Inspect the operating model See the roles, inputs and outputs at each stage. ↗",related,,/approach,https://irgmedia.org/approach,,True,True,False,False,200,Committed-file lookup; fragment IDs parsed from source HTML. HTTP status is not inferred.
https://irgmedia.org/,https://irgmedia.org/services.html,Services,navigation,,/services,https://irgmedia.org/services,,True,True,True,False,200,Committed-file lookup; fragment IDs parsed from source HTML. HTTP status is not inferred.
https://irgmedia.org/,https://irgmedia.org/why-irg.html,Why IRG,navigation,,/why-irg,https://irgmedia.org/why-irg,,True,True,True,False,200,Committed-file lookup; fragment IDs parsed from source HTML. HTTP status is not inferred.
https://irgmedia.org/,https://irgmedia.org/resources.html,Resources,navigation,,/resources,https://irgmedia.org/resources,,True,True,True,False,200,Committed-file lookup; fragment IDs parsed from source HTML. HTTP status is not inferred.
https://irgmedia.org/,https://irgmedia.org/work.html,Work,navigation,,/work,https://irgmedia.org/work,,True,True,True,False,200,Committed-file lookup; fragment IDs parsed from source HTML. HTTP status is not inferred.
https://irgmedia.org/,https://irgmedia.org/approach.html,Approach,navigation,,/approach,https://irgmedia.org/approach,,True,True,True,False,200,Committed-file lookup; fragment IDs parsed from source HTML. HTTP status is not inferred.
https://irgmedia.org/,https://irgmedia.org/about.html,About,navigation,,/about,https://irgmedia.org/about,,True,True,True,False,200,Committed-file lookup; fragment IDs parsed from source HTML. HTTP status is not inferred.
https://irgmedia.org/,https://irgmedia.org/contact.html,Contact,navigation,,/contact,https://irgmedia.org/contact,,True,True,True,False,200,Committed-file lookup; fragment IDs parsed from source HTML. HTTP status is not inferred.
https://irgmedia.org/,https://irgmedia.org/contact.html,Start a project,navigation,,/contact,https://irgmedia.org/contact,,True,True,True,False,200,Committed-file lookup; fragment IDs parsed from source HTML. HTTP status is not inferred.
https://irgmedia.org/,https://irgmedia.org/services.html,Services,navigation,,/services,https://irgmedia.org/services,,True,True,True,False,200,Committed-file lookup; fragment IDs parsed from source HTML. HTTP status is not inferred.
https://irgmedia.org/,https://irgmedia.org/why-irg.html,Why IRG,navigation,,/why-irg,https://irgmedia.org/why-irg,,True,True,True,False,200,Committed-file lookup; fragment IDs parsed from source HTML. HTTP status is not inferred.
https://irgmedia.org/,https://irgmedia.org/resources.html,Resources,navigation,,/resources,https://irgmedia.org/resources,,True,True,True,False,200,Committed-file lookup; fragment IDs parsed from source HTML. HTTP status is not inferred.
https://irgmedia.org/,https://irgmedia.org/work.html,Work,navigation,,/work,https://irgmedia.org/work,,True,True,True,False,200,Committed-file lookup; fragment IDs parsed from source HTML. HTTP status is not inferred.
https://irgmedia.org/,https://irgmedia.org/approach.html,Approach,navigation,,/approach,https://irgmedia.org/approach,,True,True,True,False,200,Committed-file lookup; fragment IDs parsed from source HTML. HTTP status is not inferred.
https://irgmedia.org/,https://irgmedia.org/about.html,About,navigation,,/about,https://irgmedia.org/about,,True,True,True,False,200,Committed-file lookup; fragment IDs parsed from source HTML. HTTP status is not inferred.
https://irgmedia.org/,https://irgmedia.org/contact.html,Contact,navigation,,/contact,https://irgmedia.org/contact,,True,True,True,False,200,Committed-file lookup; fragment IDs parsed from source HTML. HTTP status is not inferred.
https://irgmedia.org/,https://irgmedia.org/contact.html,Start a project,navigation,,/contact,https://irgmedia.org/contact,,True,True,True,False,200,Committed-file lookup; fragment IDs parsed from source HTML. HTTP status is not inferred.
https://irgmedia.org/,https://irgmedia.org/services.html,Services,navigation,,/services,https://irgmedia.org/services,,True,True,True,False,200,Committed-file lookup; fragment IDs parsed from source HTML. HTTP status is not inferred.
https://irgmedia.org/,https://irgmedia.org/why-irg.html,Why IRG,navigation,,/why-irg,https://irgmedia.org/why-irg,,True,True,True,False,200,Committed-file lookup; fragment IDs parsed from source HTML. HTTP status is not inferred.
https://irgmedia.org/,https://irgmedia.org/resources.html,Resources,navigation,,/resources,https://irgmedia.org/resources,,True,True,True,False,200,Committed-file lookup; fragment IDs parsed from source HTML. HTTP status is not inferred.
https://irgmedia.org/,https://irgmedia.org/work.html,Work,navigation,,/work,https://irgmedia.org/work,,True,True,True,False,200,Committed-file lookup; fragment IDs parsed from source HTML. HTTP status is not inferred.
https://irgmedia.org/,https://irgmedia.org/approach.html,Approach,navigation,,/approach,https://irgmedia.org/approach,,True,True,True,False,200,Committed-file lookup; fragment IDs parsed from source HTML. HTTP status is not inferred.
https://irgmedia.org/,https://irgmedia.org/about.html,About,navigation,,/about,https://irgmedia.org/about,,True,True,True,False,200,Committed-file lookup; fragment IDs parsed from source HTML. HTTP status is not inferred.
https://irgmedia.org/,https://irgmedia.org/contact.html,Contact,navigation,,/contact,https://irgmedia.org/contact,,True,True,True,False,200,Committed-file lookup; fragment IDs parsed from source HTML. HTTP status is not inferred.
https://irgmedia.org/,https://irgmedia.org/contact.html,Start a project,navigation,,/contact,https://irgmedia.org/contact,,True,True,True,False,200,Committed-file lookup; fragment IDs parsed from source HTML. HTTP status is not inferred.
https://irgmedia.org/privacy,https://irgmedia.org/index.html,IRG,navigation,,/,https://irgmedia.org/,,True,True,True,False,200,Committed-file lookup; fragment IDs parsed from source HTML. HTTP status is not inferred.
https://irgmedia.org/privacy,https://irgmedia.org/services.html,Services,navigation,,/services,https://irgmedia.org/services,,True,True,True,False,200,Committed-file lookup; fragment IDs parsed from source HTML. HTTP status is not inferred.
https://irgmedia.org/privacy,https://irgmedia.org/why-irg.html,Why IRG,navigation,,/why-irg,https://irgmedia.org/why-irg,,True,True,True,False,200,Committed-file lookup; fragment IDs parsed from source HTML. HTTP status is not inferred.
https://irgmedia.org/privacy,https://irgmedia.org/approach.html,Approach,navigation,,/approach,https://irgmedia.org/approach,,True,True,True,False,200,Committed-file lookup; fragment IDs parsed from source HTML. HTTP status is not inferred.
https://irgmedia.org/privacy,https://irgmedia.org/work.html,Work,navigation,,/work,https://irgmedia.org/work,,True,True,True,False,200,Committed-file lookup; fragment IDs parsed from source HTML. HTTP status is not inferred.
https://irgmedia.org/privacy,https://irgmedia.org/resources.html,Resources,navigation,,/resources,https://irgmedia.org/resources,,True,True,True,False,200,Committed-file lookup; fragment IDs parsed from source HTML. HTTP status is not inferred.
https://irgmedia.org/privacy,https://irgmedia.org/about.html,About,navigation,,/about,https://irgmedia.org/about,,True,True,True,False,200,Committed-file lookup; fragment IDs parsed from source HTML. HTTP status is not inferred.
https://irgmedia.org/privacy,https://irgmedia.org/contact.html,Start a project,navigation,,/contact,https://irgmedia.org/contact,,True,True,True,False,200,Committed-file lookup; fragment IDs parsed from source HTML. HTTP status is not inferred.
https://irgmedia.org/privacy,https://irgmedia.org/index.html,IRG,navigation,,/,https://irgmedia.org/,,True,True,True,False,200,Committed-file lookup; fragment IDs parsed from source HTML. HTTP status is not inferred.
https://irgmedia.org/privacy,https://irgmedia.org/index.html,IRG,navigation,,/,https://irgmedia.org/,,True,True,True,False,200,Committed-file lookup; fragment IDs parsed from source HTML. HTTP status is not inferred.
https://irgmedia.org/privacy,https://irgmedia.org/services.html,Services,navigation,,/services,https://irgmedia.org/services,,True,True,True,False,200,Committed-file lookup; fragment IDs parsed from source HTML. HTTP status is not inferred.
https://irgmedia.org/privacy,https://irgmedia.org/why-irg.html,Why IRG,navigation,,/why-irg,https://irgmedia.org/why-irg,,True,True,True,False,200,Committed-file lookup; fragment IDs parsed from source HTML. HTTP status is not inferred.
https://irgmedia.org/privacy,https://irgmedia.org/resources.html,Resources,navigation,,/resources,https://irgmedia.org/resources,,True,True,True,False,200,Committed-file lookup; fragment IDs parsed from source HTML. HTTP status is not inferred.
https://irgmedia.org/privacy,https://irgmedia.org/work.html,Work,navigation,,/work,https://irgmedia.org/work,,True,True,True,False,200,Committed-file lookup; fragment IDs parsed from source HTML. HTTP status is not inferred.
https://irgmedia.org/privacy,https://irgmedia.org/approach.html,Approach,navigation,,/approach,https://irgmedia.org/approach,,True,True,True,False,200,Committed-file lookup; fragment IDs parsed from source HTML. HTTP status is not inferred.
https://irgmedia.org/privacy,https://irgmedia.org/about.html,About,navigation,,/about,https://irgmedia.org/about,,True,True,True,False,200,Committed-file lookup; fragment IDs parsed from source HTML. HTTP status is not inferred.
https://irgmedia.org/privacy,https://irgmedia.org/contact.html,Contact,navigation,,/contact,https://irgmedia.org/contact,,True,True,True,False,200,Committed-file lookup; fragment IDs parsed from source HTML. HTTP status is not inferred.
https://irgmedia.org/privacy,https://irgmedia.org/contact.html,Start a project,navigation,,/contact,https://irgmedia.org/contact,,True,True,True,False,200,Committed-file lookup; fragment IDs parsed from source HTML. HTTP status is not inferred.
https://irgmedia.org/privacy,https://irgmedia.org/services.html,Services,navigation,,/services,https://irgmedia.org/services,,True,True,True,False,200,Committed-file lookup; fragment IDs parsed from source HTML. HTTP status is not inferred.
https://irgmedia.org/privacy,https://irgmedia.org/why-irg.html,Why IRG,navigation,,/why-irg,https://irgmedia.org/why-irg,,True,True,True,False,200,Committed-file lookup; fragment IDs parsed from source HTML. HTTP status is not inferred.
https://irgmedia.org/privacy,https://irgmedia.org/resources.html,Resources,navigation,,/resources,https://irgmedia.org/resources,,True,True,True,False,200,Committed-file lookup; fragment IDs parsed from source HTML. HTTP status is not inferred.
https://irgmedia.org/privacy,https://irgmedia.org/work.html,Work,navigation,,/work,https://irgmedia.org/work,,True,True,True,False,200,Committed-file lookup; fragment IDs parsed from source HTML. HTTP status is not inferred.
https://irgmedia.org/privacy,https://irgmedia.org/approach.html,Approach,navigation,,/approach,https://irgmedia.org/approach,,True,True,True,False,200,Committed-file lookup; fragment IDs parsed from source HTML. HTTP status is not inferred.
https://irgmedia.org/privacy,https://irgmedia.org/about.html,About,navigation,,/about,https://irgmedia.org/about,,True,True,True,False,200,Committed-file lookup; fragment IDs parsed from source HTML. HTTP status is not inferred.
https://irgmedia.org/privacy,https://irgmedia.org/contact.html,Contact,navigation,,/contact,https://irgmedia.org/contact,,True,True,True,False,200,Committed-file lookup; fragment IDs parsed from source HTML. HTTP status is not inferred.
https://irgmedia.org/privacy,https://irgmedia.org/contact.html,Start a project,navigation,,/contact,https://irgmedia.org/contact,,True,True,True,False,200,Committed-file lookup; fragment IDs parsed from source HTML. HTTP status is not inferred.
https://irgmedia.org/privacy,https://irgmedia.org/services.html,Services,navigation,,/services,https://irgmedia.org/services,,True,True,True,False,200,Committed-file lookup; fragment IDs parsed from source HTML. HTTP status is not inferred.
https://irgmedia.org/privacy,https://irgmedia.org/why-irg.html,Why IRG,navigation,,/why-irg,https://irgmedia.org/why-irg,,True,True,True,False,200,Committed-file lookup; fragment IDs parsed from source HTML. HTTP status is not inferred.
https://irgmedia.org/privacy,https://irgmedia.org/resources.html,Resources,navigation,,/resources,https://irgmedia.org/resources,,True,True,True,False,200,Committed-file lookup; fragment IDs parsed from source HTML. HTTP status is not inferred.
https://irgmedia.org/privacy,https://irgmedia.org/work.html,Work,navigation,,/work,https://irgmedia.org/work,,True,True,True,False,200,Committed-file lookup; fragment IDs parsed from source HTML. HTTP status is not inferred.
https://irgmedia.org/privacy,https://irgmedia.org/approach.html,Approach,navigation,,/approach,https://irgmedia.org/approach,,True,True,True,False,200,Committed-file lookup; fragment IDs parsed from source HTML. HTTP status is not inferred.
https://irgmedia.org/privacy,https://irgmedia.org/about.html,About,navigation,,/about,https://irgmedia.org/about,,True,True,True,False,200,Committed-file lookup; fragment IDs parsed from source HTML. HTTP status is not inferred.
https://irgmedia.org/privacy,https://irgmedia.org/contact.html,Contact,navigation,,/contact,https://irgmedia.org/contact,,True,True,True,False,200,Committed-file lookup; fragment IDs parsed from source HTML. HTTP status is not inferred.
https://irgmedia.org/privacy,https://irgmedia.org/contact.html,Start a project,navigation,,/contact,https://irgmedia.org/contact,,True,True,True,False,200,Committed-file lookup; fragment IDs parsed from source HTML. HTTP status is not inferred.
https://irgmedia.org/resources,https://irgmedia.org/index.html,IRG,navigation,,/,https://irgmedia.org/,,True,True,True,False,200,Committed-file lookup; fragment IDs parsed from source HTML. HTTP status is not inferred.
https://irgmedia.org/resources,https://irgmedia.org/services.html,Services,navigation,,/services,https://irgmedia.org/services,,True,True,True,False,200,Committed-file lookup; fragment IDs parsed from source HTML. HTTP status is not inferred.
https://irgmedia.org/resources,https://irgmedia.org/why-irg.html,Why IRG,navigation,,/why-irg,https://irgmedia.org/why-irg,,True,True,True,False,200,Committed-file lookup; fragment IDs parsed from source HTML. HTTP status is not inferred.
https://irgmedia.org/resources,https://irgmedia.org/approach.html,Approach,navigation,,/approach,https://irgmedia.org/approach,,True,True,True,False,200,Committed-file lookup; fragment IDs parsed from source HTML. HTTP status is not inferred.
https://irgmedia.org/resources,https://irgmedia.org/work.html,Work,navigation,,/work,https://irgmedia.org/work,,True,True,True,False,200,Committed-file lookup; fragment IDs parsed from source HTML. HTTP status is not inferred.
https://irgmedia.org/resources,https://irgmedia.org/resources.html,Resources,navigation,,/resources,https://irgmedia.org/resources,,True,True,True,False,200,Committed-file lookup; fragment IDs parsed from source HTML. HTTP status is not inferred.
https://irgmedia.org/resources,https://irgmedia.org/about.html,About,navigation,,/about,https://irgmedia.org/about,,True,True,True,False,200,Committed-file lookup; fragment IDs parsed from source HTML. HTTP status is not inferred.
https://irgmedia.org/resources,https://irgmedia.org/contact.html,Start a project,navigation,,/contact,https://irgmedia.org/contact,,True,True,True,False,200,Committed-file lookup; fragment IDs parsed from source HTML. HTTP status is not inferred.
https://irgmedia.org/resources,https://irgmedia.org/index.html,IRG,navigation,,/,https://irgmedia.org/,,True,True,True,False,200,Committed-file lookup; fragment IDs parsed from source HTML. HTTP status is not inferred.
https://irgmedia.org/resources,https://irgmedia.org/index.html,IRG,navigation,,/,https://irgmedia.org/,,True,True,True,False,200,Committed-file lookup; fragment IDs parsed from source HTML. HTTP status is not inferred.
https://irgmedia.org/resources,https://irgmedia.org/services.html,Services,navigation,,/services,https://irgmedia.org/services,,True,True,True,False,200,Committed-file lookup; fragment IDs parsed from source HTML. HTTP status is not inferred.
https://irgmedia.org/resources,https://irgmedia.org/why-irg.html,Why IRG,navigation,,/why-irg,https://irgmedia.org/why-irg,,True,True,True,False,200,Committed-file lookup; fragment IDs parsed from source HTML. HTTP status is not inferred.
https://irgmedia.org/resources,https://irgmedia.org/resources.html,Resources,navigation,,/resources,https://irgmedia.org/resources,,True,True,True,False,200,Committed-file lookup; fragment IDs parsed from source HTML. HTTP status is not inferred.
https://irgmedia.org/resources,https://irgmedia.org/work.html,Work,navigation,,/work,https://irgmedia.org/work,,True,True,True,False,200,Committed-file lookup; fragment IDs parsed from source HTML. HTTP status is not inferred.
https://irgmedia.org/resources,https://irgmedia.org/approach.html,Approach,navigation,,/approach,https://irgmedia.org/approach,,True,True,True,False,200,Committed-file lookup; fragment IDs parsed from source HTML. HTTP status is not inferred.
https://irgmedia.org/resources,https://irgmedia.org/about.html,About,navigation,,/about,https://irgmedia.org/about,,True,True,True,False,200,Committed-file lookup; fragment IDs parsed from source HTML. HTTP status is not inferred.
https://irgmedia.org/resources,https://irgmedia.org/contact.html,Contact,navigation,,/contact,https://irgmedia.org/contact,,True,True,True,False,200,Committed-file lookup; fragment IDs parsed from source HTML. HTTP status is not inferred.
https://irgmedia.org/resources,https://irgmedia.org/contact.html,Start a project,navigation,,/contact,https://irgmedia.org/contact,,True,True,True,False,200,Committed-file lookup; fragment IDs parsed from source HTML. HTTP status is not inferred.
https://irgmedia.org/resources,https://irgmedia.org/services.html,Services,navigation,,/services,https://irgmedia.org/services,,True,True,True,False,200,Committed-file lookup; fragment IDs parsed from source HTML. HTTP status is not inferred.
https://irgmedia.org/resources,https://irgmedia.org/why-irg.html,Why IRG,navigation,,/why-irg,https://irgmedia.org/why-irg,,True,True,True,False,200,Committed-file lookup; fragment IDs parsed from source HTML. HTTP status is not inferred.
https://irgmedia.org/resources,https://irgmedia.org/resources.html,Resources,navigation,,/resources,https://irgmedia.org/resources,,True,True,True,False,200,Committed-file lookup; fragment IDs parsed from source HTML. HTTP status is not inferred.
https://irgmedia.org/resources,https://irgmedia.org/work.html,Work,navigation,,/work,https://irgmedia.org/work,,True,True,True,False,200,Committed-file lookup; fragment IDs parsed from source HTML. HTTP status is not inferred.
https://irgmedia.org/resources,https://irgmedia.org/approach.html,Approach,navigation,,/approach,https://irgmedia.org/approach,,True,True,True,False,200,Committed-file lookup; fragment IDs parsed from source HTML. HTTP status is not inferred.
https://irgmedia.org/resources,https://irgmedia.org/about.html,About,navigation,,/about,https://irgmedia.org/about,,True,True,True,False,200,Committed-file lookup; fragment IDs parsed from source HTML. HTTP status is not inferred.
https://irgmedia.org/resources,https://irgmedia.org/contact.html,Contact,navigation,,/contact,https://irgmedia.org/contact,,True,True,True,False,200,Committed-file lookup; fragment IDs parsed from source HTML. HTTP status is not inferred.
https://irgmedia.org/resources,https://irgmedia.org/contact.html,Start a project,navigation,,/contact,https://irgmedia.org/contact,,True,True,True,False,200,Committed-file lookup; fragment IDs parsed from source HTML. HTTP status is not inferred.
https://irgmedia.org/resources,https://irgmedia.org/services.html,Services,navigation,,/services,https://irgmedia.org/services,,True,True,True,False,200,Committed-file lookup; fragment IDs parsed from source HTML. HTTP status is not inferred.
https://irgmedia.org/resources,https://irgmedia.org/why-irg.html,Why IRG,navigation,,/why-irg,https://irgmedia.org/why-irg,,True,True,True,False,200,Committed-file lookup; fragment IDs parsed from source HTML. HTTP status is not inferred.
https://irgmedia.org/resources,https://irgmedia.org/resources.html,Resources,navigation,,/resources,https://irgmedia.org/resources,,True,True,True,False,200,Committed-file lookup; fragment IDs parsed from source HTML. HTTP status is not inferred.
https://irgmedia.org/resources,https://irgmedia.org/work.html,Work,navigation,,/work,https://irgmedia.org/work,,True,True,True,False,200,Committed-file lookup; fragment IDs parsed from source HTML. HTTP status is not inferred.
https://irgmedia.org/resources,https://irgmedia.org/approach.html,Approach,navigation,,/approach,https://irgmedia.org/approach,,True,True,True,False,200,Committed-file lookup; fragment IDs parsed from source HTML. HTTP status is not inferred.
https://irgmedia.org/resources,https://irgmedia.org/about.html,About,navigation,,/about,https://irgmedia.org/about,,True,True,True,False,200,Committed-file lookup; fragment IDs parsed from source HTML. HTTP status is not inferred.
https://irgmedia.org/resources,https://irgmedia.org/contact.html,Contact,navigation,,/contact,https://irgmedia.org/contact,,True,True,True,False,200,Committed-file lookup; fragment IDs parsed from source HTML. HTTP status is not inferred.
https://irgmedia.org/resources,https://irgmedia.org/contact.html,Start a project,navigation,,/contact,https://irgmedia.org/contact,,True,True,True,False,200,Committed-file lookup; fragment IDs parsed from source HTML. HTTP status is not inferred.
https://irgmedia.org/services,https://irgmedia.org/services#main,Skip to content,contextual,,/services,https://irgmedia.org/services,main,True,True,False,False,200,Committed-file lookup; fragment IDs parsed from source HTML. HTTP status is not inferred.
https://irgmedia.org/services,https://irgmedia.org/index.html,IRG,navigation,,/,https://irgmedia.org/,,True,True,True,False,200,Committed-file lookup; fragment IDs parsed from source HTML. HTTP status is not inferred.
https://irgmedia.org/services,https://irgmedia.org/services.html,Services,navigation,,/services,https://irgmedia.org/services,,True,True,True,False,200,Committed-file lookup; fragment IDs parsed from source HTML. HTTP status is not inferred.
https://irgmedia.org/services,https://irgmedia.org/why-irg.html,Why IRG,navigation,,/why-irg,https://irgmedia.org/why-irg,,True,True,True,False,200,Committed-file lookup; fragment IDs parsed from source HTML. HTTP status is not inferred.
https://irgmedia.org/services,https://irgmedia.org/approach.html,Approach,navigation,,/approach,https://irgmedia.org/approach,,True,True,True,False,200,Committed-file lookup; fragment IDs parsed from source HTML. HTTP status is not inferred.
https://irgmedia.org/services,https://irgmedia.org/work.html,Work,navigation,,/work,https://irgmedia.org/work,,True,True,True,False,200,Committed-file lookup; fragment IDs parsed from source HTML. HTTP status is not inferred.
https://irgmedia.org/services,https://irgmedia.org/resources.html,Resources,navigation,,/resources,https://irgmedia.org/resources,,True,True,True,False,200,Committed-file lookup; fragment IDs parsed from source HTML. HTTP status is not inferred.
https://irgmedia.org/services,https://irgmedia.org/about.html,About,navigation,,/about,https://irgmedia.org/about,,True,True,True,False,200,Committed-file lookup; fragment IDs parsed from source HTML. HTTP status is not inferred.
https://irgmedia.org/services,https://irgmedia.org/contact.html,Start a project,navigation,,/contact,https://irgmedia.org/contact,,True,True,True,False,200,Committed-file lookup; fragment IDs parsed from source HTML. HTTP status is not inferred.
https://irgmedia.org/services,https://irgmedia.org/index.html,IRG,navigation,,/,https://irgmedia.org/,,True,True,True,False,200,Committed-file lookup; fragment IDs parsed from source HTML. HTTP status is not inferred.
https://irgmedia.org/services,https://irgmedia.org/index.html,IRG,navigation,,/,https://irgmedia.org/,,True,True,True,False,200,Committed-file lookup; fragment IDs parsed from source HTML. HTTP status is not inferred.
https://irgmedia.org/services,https://irgmedia.org/approach,one operating model,contextual,IRG opening dark,/approach,https://irgmedia.org/approach,,True,True,False,False,200,Committed-file lookup; fragment IDs parsed from source HTML. HTTP status is not inferred.
https://irgmedia.org/services,https://irgmedia.org/services#travel,travel,contextual,IRG opening dark,/services,https://irgmedia.org/services,travel,True,True,False,False,200,Committed-file lookup; fragment IDs parsed from source HTML. HTTP status is not inferred.
https://irgmedia.org/services,https://irgmedia.org/services#hospitality,hospitality,contextual,IRG opening dark,/services,https://irgmedia.org/services,hospitality,True,True,False,False,200,Committed-file lookup; fragment IDs parsed from source HTML. HTTP status is not inferred.
https://irgmedia.org/services,https://irgmedia.org/services#lifestyle,lifestyle,contextual,IRG opening dark,/services,https://irgmedia.org/services,lifestyle,True,True,False,False,200,Committed-file lookup; fragment IDs parsed from source HTML. HTTP status is not inferred.
https://irgmedia.org/services,https://irgmedia.org/services.html#creator-access,Creator access Find the fit and make the selection rationale clear. Explore creator access,contextual,Services / capability inventory,/services,https://irgmedia.org/services,creator-access,True,True,True,False,200,Committed-file lookup; fragment IDs parsed from source HTML. HTTP status is not inferred.
https://irgmedia.org/services,https://irgmedia.org/services.html#campaign-operations,"Campaign operations Keep briefs, decisions and delivery moving together. Explore campaign operations",contextual,Services / capability inventory,/services,https://irgmedia.org/services,campaign-operations,True,True,True,False,200,Committed-file lookup; fragment IDs parsed from source HTML. HTTP status is not inferred.
https://irgmedia.org/services,https://irgmedia.org/services.html#performance-learning,Performance learning Turn observations into practical campaign decisions. Explore performance learning,contextual,Services / capability inventory,/services,https://irgmedia.org/services,performance-learning,True,True,True,False,200,Committed-file lookup; fragment IDs parsed from source HTML. HTTP status is not inferred.
https://irgmedia.org/services,https://irgmedia.org/approach#assemble,selection criteria,contextual,creator-access,/approach,https://irgmedia.org/approach,assemble,True,True,False,False,200,Committed-file lookup; fragment IDs parsed from source HTML. HTTP status is not inferred.
https://irgmedia.org/services,https://irgmedia.org/approach#run,campaign plan,contextual,campaign-operations,/approach,https://irgmedia.org/approach,run,True,True,False,False,200,Committed-file lookup; fragment IDs parsed from source HTML. HTTP status is not inferred.
https://irgmedia.org/services,https://irgmedia.org/work/holafly#measurement,available content and campaign signals,contextual,performance-learning,/work/holafly,https://irgmedia.org/work/holafly,measurement,True,True,False,False,200,Committed-file lookup; fragment IDs parsed from source HTML. HTTP status is not inferred.
https://irgmedia.org/services,https://irgmedia.org/work/always-on-program,next creator selection and brief,contextual,performance-learning,/work/always-on-program,https://irgmedia.org/work/always-on-program,,True,True,False,False,200,Committed-file lookup; fragment IDs parsed from source HTML. HTTP status is not inferred.
https://irgmedia.org/services,https://irgmedia.org/contact.html,Start a project,contextual,,/contact,https://irgmedia.org/contact,,True,True,True,False,200,Committed-file lookup; fragment IDs parsed from source HTML. HTTP status is not inferred.
https://irgmedia.org/services,https://irgmedia.org/contact.html,Start a project,contextual,,/contact,https://irgmedia.org/contact,,True,True,True,False,200,Committed-file lookup; fragment IDs parsed from source HTML. HTTP status is not inferred.
https://irgmedia.org/services,https://irgmedia.org/contact.html,Start a project,contextual,,/contact,https://irgmedia.org/contact,,True,True,True,False,200,Committed-file lookup; fragment IDs parsed from source HTML. HTTP status is not inferred.
https://irgmedia.org/services,https://irgmedia.org/contact.html,Start a project,contextual,,/contact,https://irgmedia.org/contact,,True,True,True,False,200,Committed-file lookup; fragment IDs parsed from source HTML. HTTP status is not inferred.
https://irgmedia.org/services,https://irgmedia.org/services#travel,Travel ↓,navigation,target-markets,/services,https://irgmedia.org/services,travel,True,True,False,False,200,Committed-file lookup; fragment IDs parsed from source HTML. HTTP status is not inferred.
https://irgmedia.org/services,https://irgmedia.org/services#hospitality,Hospitality ↓,navigation,target-markets,/services,https://irgmedia.org/services,hospitality,True,True,False,False,200,Committed-file lookup; fragment IDs parsed from source HTML. HTTP status is not inferred.
https://irgmedia.org/services,https://irgmedia.org/services#lifestyle,Lifestyle ↓,navigation,target-markets,/services,https://irgmedia.org/services,lifestyle,True,True,False,False,200,Committed-file lookup; fragment IDs parsed from source HTML. HTTP status is not inferred.
https://irgmedia.org/services,https://irgmedia.org/work/holafly#results,Inspect Holafly’s programme process,contextual,travel,/work/holafly,https://irgmedia.org/work/holafly,results,True,True,False,False,200,Committed-file lookup; fragment IDs parsed from source HTML. HTTP status is not inferred.
https://irgmedia.org/services,https://irgmedia.org/services#creator-access,Creator fit and shortlist rationale,contextual,travel,/services,https://irgmedia.org/services,creator-access,True,True,False,False,200,Committed-file lookup; fragment IDs parsed from source HTML. HTTP status is not inferred.
https://irgmedia.org/services,https://irgmedia.org/services#campaign-operations,Travel campaign coordination,contextual,travel,/services,https://irgmedia.org/services,campaign-operations,True,True,False,False,200,Committed-file lookup; fragment IDs parsed from source HTML. HTTP status is not inferred.
https://irgmedia.org/services,https://irgmedia.org/services#performance-learning,Interpret the available evidence,contextual,travel,/services,https://irgmedia.org/services,performance-learning,True,True,False,False,200,Committed-file lookup; fragment IDs parsed from source HTML. HTTP status is not inferred.
https://irgmedia.org/services,https://irgmedia.org/approach#assemble,The Assemble decision point,contextual,travel,/approach,https://irgmedia.org/approach,assemble,True,True,False,False,200,Committed-file lookup; fragment IDs parsed from source HTML. HTTP status is not inferred.
https://irgmedia.org/services,https://irgmedia.org/work/holafly#measurement,Holafly measurement limits,contextual,travel,/work/holafly,https://irgmedia.org/work/holafly,measurement,True,True,False,False,200,Committed-file lookup; fragment IDs parsed from source HTML. HTTP status is not inferred.
https://irgmedia.org/services,https://irgmedia.org/approach#frame,Frame,contextual,travel,/approach,https://irgmedia.org/approach,frame,True,True,False,False,200,Committed-file lookup; fragment IDs parsed from source HTML. HTTP status is not inferred.
https://irgmedia.org/services,https://irgmedia.org/approach#assemble,Assemble,contextual,travel,/approach,https://irgmedia.org/approach,assemble,True,True,False,False,200,Committed-file lookup; fragment IDs parsed from source HTML. HTTP status is not inferred.
https://irgmedia.org/services,https://irgmedia.org/work/hospitality-travel-brief#content,Inspect the hospitality planning example,contextual,hospitality,/work/hospitality-travel-brief,https://irgmedia.org/work/hospitality-travel-brief,content,True,True,False,False,200,Committed-file lookup; fragment IDs parsed from source HTML. HTTP status is not inferred.
https://irgmedia.org/services,https://irgmedia.org/services#creator-access,Audience and brand suitability,contextual,hospitality,/services,https://irgmedia.org/services,creator-access,True,True,False,False,200,Committed-file lookup; fragment IDs parsed from source HTML. HTTP status is not inferred.
https://irgmedia.org/services,https://irgmedia.org/services#campaign-operations,"Briefs, approval and delivery",contextual,hospitality,/services,https://irgmedia.org/services,campaign-operations,True,True,False,False,200,Committed-file lookup; fragment IDs parsed from source HTML. HTTP status is not inferred.
https://irgmedia.org/services,https://irgmedia.org/services#performance-learning,Reporting scope and limitations,contextual,hospitality,/services,https://irgmedia.org/services,performance-learning,True,True,False,False,200,Committed-file lookup; fragment IDs parsed from source HTML. HTTP status is not inferred.
https://irgmedia.org/services,https://irgmedia.org/approach#run,The Run responsibilities,contextual,hospitality,/approach,https://irgmedia.org/approach,run,True,True,False,False,200,Committed-file lookup; fragment IDs parsed from source HTML. HTTP status is not inferred.
https://irgmedia.org/services,https://irgmedia.org/work/campaign-operations#content,Campaign operations format example,contextual,hospitality,/work/campaign-operations,https://irgmedia.org/work/campaign-operations,content,True,True,False,False,200,Committed-file lookup; fragment IDs parsed from source HTML. HTTP status is not inferred.
https://irgmedia.org/services,https://irgmedia.org/services#evaluation,Engagement questions to agree,contextual,hospitality,/services,https://irgmedia.org/services,evaluation,True,True,False,False,200,Committed-file lookup; fragment IDs parsed from source HTML. HTTP status is not inferred.
https://irgmedia.org/services,https://irgmedia.org/work/always-on-program#content,Inspect the ongoing programme example,contextual,lifestyle,/work/always-on-program,https://irgmedia.org/work/always-on-program,content,True,True,False,False,200,Committed-file lookup; fragment IDs parsed from source HTML. HTTP status is not inferred.
https://irgmedia.org/services,https://irgmedia.org/services#creator-access,A considered lifestyle shortlist,contextual,lifestyle,/services,https://irgmedia.org/services,creator-access,True,True,False,False,200,Committed-file lookup; fragment IDs parsed from source HTML. HTTP status is not inferred.
https://irgmedia.org/services,https://irgmedia.org/services#campaign-operations,Connected campaign delivery,contextual,lifestyle,/services,https://irgmedia.org/services,campaign-operations,True,True,False,False,200,Committed-file lookup; fragment IDs parsed from source HTML. HTTP status is not inferred.
https://irgmedia.org/services,https://irgmedia.org/services#performance-learning,What informs the next brief,contextual,lifestyle,/services,https://irgmedia.org/services,performance-learning,True,True,False,False,200,Committed-file lookup; fragment IDs parsed from source HTML. HTTP status is not inferred.
https://irgmedia.org/services,https://irgmedia.org/approach#learn,The Learn decision point,contextual,lifestyle,/approach,https://irgmedia.org/approach,learn,True,True,False,False,200,Committed-file lookup; fragment IDs parsed from source HTML. HTTP status is not inferred.
https://irgmedia.org/services,https://irgmedia.org/why-irg,How retained context stays useful,contextual,lifestyle,/why-irg,https://irgmedia.org/why-irg,,True,True,False,False,200,Committed-file lookup; fragment IDs parsed from source HTML. HTTP status is not inferred.
https://irgmedia.org/services,https://irgmedia.org/contact,Discuss your campaign’s scope,contextual,lifestyle,/contact,https://irgmedia.org/contact,,True,True,False,False,200,Committed-file lookup; fragment IDs parsed from source HTML. HTTP status is not inferred.
https://irgmedia.org/services,https://irgmedia.org/approach#learn,Learn,contextual,lifestyle,/approach,https://irgmedia.org/approach,learn,True,True,False,False,200,Committed-file lookup; fragment IDs parsed from source HTML. HTTP status is not inferred.
https://irgmedia.org/services,https://irgmedia.org/why-irg,the retained-context approach,contextual,lifestyle,/why-irg,https://irgmedia.org/why-irg,,True,True,False,False,200,Committed-file lookup; fragment IDs parsed from source HTML. HTTP status is not inferred.
https://irgmedia.org/services,https://irgmedia.org/contact,discuss which cycle and evidence your team needs,contextual,lifestyle,/contact,https://irgmedia.org/contact,,True,True,False,False,200,Committed-file lookup; fragment IDs parsed from source HTML. HTTP status is not inferred.
https://irgmedia.org/services,https://irgmedia.org/work/holafly,See the service in practice Explore the creator programme and connected delivery process. ↗,related,,/work/holafly,https://irgmedia.org/work/holafly,,True,True,False,False,200,Committed-file lookup; fragment IDs parsed from source HTML. HTTP status is not inferred.
https://irgmedia.org/services,https://irgmedia.org/approach,"Inspect how delivery works Frame, Assemble, Run and Learn with your team. ↗",related,,/approach,https://irgmedia.org/approach,,True,True,False,False,200,Committed-file lookup; fragment IDs parsed from source HTML. HTTP status is not inferred.
https://irgmedia.org/services,https://irgmedia.org/contact,"Discuss your campaign Bring the market, audience and operating challenge. ↗",related,,/contact,https://irgmedia.org/contact,,True,True,False,False,200,Committed-file lookup; fragment IDs parsed from source HTML. HTTP status is not inferred.
https://irgmedia.org/services,https://irgmedia.org/services.html,Services,navigation,,/services,https://irgmedia.org/services,,True,True,True,False,200,Committed-file lookup; fragment IDs parsed from source HTML. HTTP status is not inferred.
https://irgmedia.org/services,https://irgmedia.org/why-irg.html,Why IRG,navigation,,/why-irg,https://irgmedia.org/why-irg,,True,True,True,False,200,Committed-file lookup; fragment IDs parsed from source HTML. HTTP status is not inferred.
https://irgmedia.org/services,https://irgmedia.org/resources.html,Resources,navigation,,/resources,https://irgmedia.org/resources,,True,True,True,False,200,Committed-file lookup; fragment IDs parsed from source HTML. HTTP status is not inferred.
https://irgmedia.org/services,https://irgmedia.org/work.html,Work,navigation,,/work,https://irgmedia.org/work,,True,True,True,False,200,Committed-file lookup; fragment IDs parsed from source HTML. HTTP status is not inferred.
https://irgmedia.org/services,https://irgmedia.org/approach.html,Approach,navigation,,/approach,https://irgmedia.org/approach,,True,True,True,False,200,Committed-file lookup; fragment IDs parsed from source HTML. HTTP status is not inferred.
https://irgmedia.org/services,https://irgmedia.org/about.html,About,navigation,,/about,https://irgmedia.org/about,,True,True,True,False,200,Committed-file lookup; fragment IDs parsed from source HTML. HTTP status is not inferred.
https://irgmedia.org/services,https://irgmedia.org/contact.html,Contact,navigation,,/contact,https://irgmedia.org/contact,,True,True,True,False,200,Committed-file lookup; fragment IDs parsed from source HTML. HTTP status is not inferred.
https://irgmedia.org/services,https://irgmedia.org/contact.html,Start a project,navigation,,/contact,https://irgmedia.org/contact,,True,True,True,False,200,Committed-file lookup; fragment IDs parsed from source HTML. HTTP status is not inferred.
https://irgmedia.org/services,https://irgmedia.org/services.html,Services,navigation,,/services,https://irgmedia.org/services,,True,True,True,False,200,Committed-file lookup; fragment IDs parsed from source HTML. HTTP status is not inferred.
https://irgmedia.org/services,https://irgmedia.org/why-irg.html,Why IRG,navigation,,/why-irg,https://irgmedia.org/why-irg,,True,True,True,False,200,Committed-file lookup; fragment IDs parsed from source HTML. HTTP status is not inferred.
https://irgmedia.org/services,https://irgmedia.org/resources.html,Resources,navigation,,/resources,https://irgmedia.org/resources,,True,True,True,False,200,Committed-file lookup; fragment IDs parsed from source HTML. HTTP status is not inferred.
https://irgmedia.org/services,https://irgmedia.org/work.html,Work,navigation,,/work,https://irgmedia.org/work,,True,True,True,False,200,Committed-file lookup; fragment IDs parsed from source HTML. HTTP status is not inferred.
https://irgmedia.org/services,https://irgmedia.org/approach.html,Approach,navigation,,/approach,https://irgmedia.org/approach,,True,True,True,False,200,Committed-file lookup; fragment IDs parsed from source HTML. HTTP status is not inferred.
https://irgmedia.org/services,https://irgmedia.org/about.html,About,navigation,,/about,https://irgmedia.org/about,,True,True,True,False,200,Committed-file lookup; fragment IDs parsed from source HTML. HTTP status is not inferred.
https://irgmedia.org/services,https://irgmedia.org/contact.html,Contact,navigation,,/contact,https://irgmedia.org/contact,,True,True,True,False,200,Committed-file lookup; fragment IDs parsed from source HTML. HTTP status is not inferred.
https://irgmedia.org/services,https://irgmedia.org/contact.html,Start a project,navigation,,/contact,https://irgmedia.org/contact,,True,True,True,False,200,Committed-file lookup; fragment IDs parsed from source HTML. HTTP status is not inferred.
https://irgmedia.org/services,https://irgmedia.org/services.html,Services,navigation,,/services,https://irgmedia.org/services,,True,True,True,False,200,Committed-file lookup; fragment IDs parsed from source HTML. HTTP status is not inferred.
https://irgmedia.org/services,https://irgmedia.org/why-irg.html,Why IRG,navigation,,/why-irg,https://irgmedia.org/why-irg,,True,True,True,False,200,Committed-file lookup; fragment IDs parsed from source HTML. HTTP status is not inferred.
https://irgmedia.org/services,https://irgmedia.org/resources.html,Resources,navigation,,/resources,https://irgmedia.org/resources,,True,True,True,False,200,Committed-file lookup; fragment IDs parsed from source HTML. HTTP status is not inferred.
https://irgmedia.org/services,https://irgmedia.org/work.html,Work,navigation,,/work,https://irgmedia.org/work,,True,True,True,False,200,Committed-file lookup; fragment IDs parsed from source HTML. HTTP status is not inferred.
https://irgmedia.org/services,https://irgmedia.org/approach.html,Approach,navigation,,/approach,https://irgmedia.org/approach,,True,True,True,False,200,Committed-file lookup; fragment IDs parsed from source HTML. HTTP status is not inferred.
https://irgmedia.org/services,https://irgmedia.org/about.html,About,navigation,,/about,https://irgmedia.org/about,,True,True,True,False,200,Committed-file lookup; fragment IDs parsed from source HTML. HTTP status is not inferred.
https://irgmedia.org/services,https://irgmedia.org/contact.html,Contact,navigation,,/contact,https://irgmedia.org/contact,,True,True,True,False,200,Committed-file lookup; fragment IDs parsed from source HTML. HTTP status is not inferred.
https://irgmedia.org/services,https://irgmedia.org/contact.html,Start a project,navigation,,/contact,https://irgmedia.org/contact,,True,True,True,False,200,Committed-file lookup; fragment IDs parsed from source HTML. HTTP status is not inferred.
https://irgmedia.org/why-irg,https://irgmedia.org/why-irg#main,Skip to content,contextual,,/why-irg,https://irgmedia.org/why-irg,main,True,True,False,False,200,Committed-file lookup; fragment IDs parsed from source HTML. HTTP status is not inferred.
https://irgmedia.org/why-irg,https://irgmedia.org/index.html,IRG,navigation,,/,https://irgmedia.org/,,True,True,True,False,200,Committed-file lookup; fragment IDs parsed from source HTML. HTTP status is not inferred.
https://irgmedia.org/why-irg,https://irgmedia.org/services.html,Services,navigation,,/services,https://irgmedia.org/services,,True,True,True,False,200,Committed-file lookup; fragment IDs parsed from source HTML. HTTP status is not inferred.
https://irgmedia.org/why-irg,https://irgmedia.org/why-irg.html,Why IRG,navigation,,/why-irg,https://irgmedia.org/why-irg,,True,True,True,False,200,Committed-file lookup; fragment IDs parsed from source HTML. HTTP status is not inferred.
https://irgmedia.org/why-irg,https://irgmedia.org/approach.html,Approach,navigation,,/approach,https://irgmedia.org/approach,,True,True,True,False,200,Committed-file lookup; fragment IDs parsed from source HTML. HTTP status is not inferred.
https://irgmedia.org/why-irg,https://irgmedia.org/work.html,Work,navigation,,/work,https://irgmedia.org/work,,True,True,True,False,200,Committed-file lookup; fragment IDs parsed from source HTML. HTTP status is not inferred.
https://irgmedia.org/why-irg,https://irgmedia.org/resources.html,Resources,navigation,,/resources,https://irgmedia.org/resources,,True,True,True,False,200,Committed-file lookup; fragment IDs parsed from source HTML. HTTP status is not inferred.
https://irgmedia.org/why-irg,https://irgmedia.org/about.html,About,navigation,,/about,https://irgmedia.org/about,,True,True,True,False,200,Committed-file lookup; fragment IDs parsed from source HTML. HTTP status is not inferred.
https://irgmedia.org/why-irg,https://irgmedia.org/contact.html,Start a project,navigation,,/contact,https://irgmedia.org/contact,,True,True,True,False,200,Committed-file lookup; fragment IDs parsed from source HTML. HTTP status is not inferred.
https://irgmedia.org/why-irg,https://irgmedia.org/index.html,IRG,navigation,,/,https://irgmedia.org/,,True,True,True,False,200,Committed-file lookup; fragment IDs parsed from source HTML. HTTP status is not inferred.
https://irgmedia.org/why-irg,https://irgmedia.org/index.html,IRG,navigation,,/,https://irgmedia.org/,,True,True,True,False,200,Committed-file lookup; fragment IDs parsed from source HTML. HTTP status is not inferred.
https://irgmedia.org/why-irg,https://irgmedia.org/about,in-house team,contextual,Why IRG / the reset problem,/about,https://irgmedia.org/about,,True,True,False,False,200,Committed-file lookup; fragment IDs parsed from source HTML. HTTP status is not inferred.
https://irgmedia.org/why-irg,https://irgmedia.org/work/campaign-operations,shared record,contextual,Why IRG / the reset problem,/work/campaign-operations,https://irgmedia.org/work/campaign-operations,,True,True,False,False,200,Committed-file lookup; fragment IDs parsed from source HTML. HTTP status is not inferred.
https://irgmedia.org/why-irg,https://irgmedia.org/work/holafly#measurement,available evidence,contextual,Why IRG / the reset problem,/work/holafly,https://irgmedia.org/work/holafly,measurement,True,True,False,False,200,Committed-file lookup; fragment IDs parsed from source HTML. HTTP status is not inferred.
https://irgmedia.org/why-irg,https://irgmedia.org/work/always-on-program,next brief,contextual,Why IRG / the reset problem,/work/always-on-program,https://irgmedia.org/work/always-on-program,,True,True,False,False,200,Committed-file lookup; fragment IDs parsed from source HTML. HTTP status is not inferred.
https://irgmedia.org/why-irg,https://irgmedia.org/services#creator-access,creator context,contextual,Why IRG / connected comparison,/services,https://irgmedia.org/services,creator-access,True,True,False,False,200,Committed-file lookup; fragment IDs parsed from source HTML. HTTP status is not inferred.
https://irgmedia.org/why-irg,https://irgmedia.org/about,in-house team,contextual,Why IRG / in-house impact,/about,https://irgmedia.org/about,,True,True,False,False,200,Committed-file lookup; fragment IDs parsed from source HTML. HTTP status is not inferred.
https://irgmedia.org/why-irg,https://irgmedia.org/services#creator-access,creator context,contextual,Why IRG / in-house impact,/services,https://irgmedia.org/services,creator-access,True,True,False,False,200,Committed-file lookup; fragment IDs parsed from source HTML. HTTP status is not inferred.
https://irgmedia.org/why-irg,https://irgmedia.org/work/holafly#measurement,available evidence,contextual,Why IRG / in-house impact,/work/holafly,https://irgmedia.org/work/holafly,measurement,True,True,False,False,200,Committed-file lookup; fragment IDs parsed from source HTML. HTTP status is not inferred.
https://irgmedia.org/why-irg,https://irgmedia.org/contact.html,Start a project,contextual,,/contact,https://irgmedia.org/contact,,True,True,True,False,200,Committed-file lookup; fragment IDs parsed from source HTML. HTTP status is not inferred.
https://irgmedia.org/why-irg,https://irgmedia.org/contact.html,Start a project,contextual,,/contact,https://irgmedia.org/contact,,True,True,True,False,200,Committed-file lookup; fragment IDs parsed from source HTML. HTTP status is not inferred.
https://irgmedia.org/why-irg,https://irgmedia.org/contact.html,Start a project,contextual,,/contact,https://irgmedia.org/contact,,True,True,True,False,200,Committed-file lookup; fragment IDs parsed from source HTML. HTTP status is not inferred.
https://irgmedia.org/why-irg,https://irgmedia.org/contact.html,Start a project,contextual,,/contact,https://irgmedia.org/contact,,True,True,True,False,200,Committed-file lookup; fragment IDs parsed from source HTML. HTTP status is not inferred.
https://irgmedia.org/why-irg,https://irgmedia.org/work/always-on-program,Inspect always-on planning See how a methodology example carries learning forward. ↗,related,,/work/always-on-program,https://irgmedia.org/work/always-on-program,,True,True,False,False,200,Committed-file lookup; fragment IDs parsed from source HTML. HTTP status is not inferred.
https://irgmedia.org/why-irg,https://irgmedia.org/work/holafly,"Read the client programme Explore sourcing, advance planning and refreshed creative briefs. ↗",related,,/work/holafly,https://irgmedia.org/work/holafly,,True,True,False,False,200,Committed-file lookup; fragment IDs parsed from source HTML. HTTP status is not inferred.
https://irgmedia.org/why-irg,https://irgmedia.org/services,Define your scope Understand where IRG supports your team. ↗,related,,/services,https://irgmedia.org/services,,True,True,False,False,200,Committed-file lookup; fragment IDs parsed from source HTML. HTTP status is not inferred.
https://irgmedia.org/why-irg,https://irgmedia.org/services.html,Services,navigation,,/services,https://irgmedia.org/services,,True,True,True,False,200,Committed-file lookup; fragment IDs parsed from source HTML. HTTP status is not inferred.
https://irgmedia.org/why-irg,https://irgmedia.org/why-irg.html,Why IRG,navigation,,/why-irg,https://irgmedia.org/why-irg,,True,True,True,False,200,Committed-file lookup; fragment IDs parsed from source HTML. HTTP status is not inferred.
https://irgmedia.org/why-irg,https://irgmedia.org/resources.html,Resources,navigation,,/resources,https://irgmedia.org/resources,,True,True,True,False,200,Committed-file lookup; fragment IDs parsed from source HTML. HTTP status is not inferred.
https://irgmedia.org/why-irg,https://irgmedia.org/work.html,Work,navigation,,/work,https://irgmedia.org/work,,True,True,True,False,200,Committed-file lookup; fragment IDs parsed from source HTML. HTTP status is not inferred.
https://irgmedia.org/why-irg,https://irgmedia.org/approach.html,Approach,navigation,,/approach,https://irgmedia.org/approach,,True,True,True,False,200,Committed-file lookup; fragment IDs parsed from source HTML. HTTP status is not inferred.
https://irgmedia.org/why-irg,https://irgmedia.org/about.html,About,navigation,,/about,https://irgmedia.org/about,,True,True,True,False,200,Committed-file lookup; fragment IDs parsed from source HTML. HTTP status is not inferred.
https://irgmedia.org/why-irg,https://irgmedia.org/contact.html,Contact,navigation,,/contact,https://irgmedia.org/contact,,True,True,True,False,200,Committed-file lookup; fragment IDs parsed from source HTML. HTTP status is not inferred.
https://irgmedia.org/why-irg,https://irgmedia.org/contact.html,Start a project,navigation,,/contact,https://irgmedia.org/contact,,True,True,True,False,200,Committed-file lookup; fragment IDs parsed from source HTML. HTTP status is not inferred.
https://irgmedia.org/why-irg,https://irgmedia.org/services.html,Services,navigation,,/services,https://irgmedia.org/services,,True,True,True,False,200,Committed-file lookup; fragment IDs parsed from source HTML. HTTP status is not inferred.
https://irgmedia.org/why-irg,https://irgmedia.org/why-irg.html,Why IRG,navigation,,/why-irg,https://irgmedia.org/why-irg,,True,True,True,False,200,Committed-file lookup; fragment IDs parsed from source HTML. HTTP status is not inferred.
https://irgmedia.org/why-irg,https://irgmedia.org/resources.html,Resources,navigation,,/resources,https://irgmedia.org/resources,,True,True,True,False,200,Committed-file lookup; fragment IDs parsed from source HTML. HTTP status is not inferred.
https://irgmedia.org/why-irg,https://irgmedia.org/work.html,Work,navigation,,/work,https://irgmedia.org/work,,True,True,True,False,200,Committed-file lookup; fragment IDs parsed from source HTML. HTTP status is not inferred.
https://irgmedia.org/why-irg,https://irgmedia.org/approach.html,Approach,navigation,,/approach,https://irgmedia.org/approach,,True,True,True,False,200,Committed-file lookup; fragment IDs parsed from source HTML. HTTP status is not inferred.
https://irgmedia.org/why-irg,https://irgmedia.org/about.html,About,navigation,,/about,https://irgmedia.org/about,,True,True,True,False,200,Committed-file lookup; fragment IDs parsed from source HTML. HTTP status is not inferred.
https://irgmedia.org/why-irg,https://irgmedia.org/contact.html,Contact,navigation,,/contact,https://irgmedia.org/contact,,True,True,True,False,200,Committed-file lookup; fragment IDs parsed from source HTML. HTTP status is not inferred.
https://irgmedia.org/why-irg,https://irgmedia.org/contact.html,Start a project,navigation,,/contact,https://irgmedia.org/contact,,True,True,True,False,200,Committed-file lookup; fragment IDs parsed from source HTML. HTTP status is not inferred.
https://irgmedia.org/why-irg,https://irgmedia.org/services.html,Services,navigation,,/services,https://irgmedia.org/services,,True,True,True,False,200,Committed-file lookup; fragment IDs parsed from source HTML. HTTP status is not inferred.
https://irgmedia.org/why-irg,https://irgmedia.org/why-irg.html,Why IRG,navigation,,/why-irg,https://irgmedia.org/why-irg,,True,True,True,False,200,Committed-file lookup; fragment IDs parsed from source HTML. HTTP status is not inferred.
https://irgmedia.org/why-irg,https://irgmedia.org/resources.html,Resources,navigation,,/resources,https://irgmedia.org/resources,,True,True,True,False,200,Committed-file lookup; fragment IDs parsed from source HTML. HTTP status is not inferred.
https://irgmedia.org/why-irg,https://irgmedia.org/work.html,Work,navigation,,/work,https://irgmedia.org/work,,True,True,True,False,200,Committed-file lookup; fragment IDs parsed from source HTML. HTTP status is not inferred.
https://irgmedia.org/why-irg,https://irgmedia.org/approach.html,Approach,navigation,,/approach,https://irgmedia.org/approach,,True,True,True,False,200,Committed-file lookup; fragment IDs parsed from source HTML. HTTP status is not inferred.
https://irgmedia.org/why-irg,https://irgmedia.org/about.html,About,navigation,,/about,https://irgmedia.org/about,,True,True,True,False,200,Committed-file lookup; fragment IDs parsed from source HTML. HTTP status is not inferred.
https://irgmedia.org/why-irg,https://irgmedia.org/contact.html,Contact,navigation,,/contact,https://irgmedia.org/contact,,True,True,True,False,200,Committed-file lookup; fragment IDs parsed from source HTML. HTTP status is not inferred.
https://irgmedia.org/why-irg,https://irgmedia.org/contact.html,Start a project,navigation,,/contact,https://irgmedia.org/contact,,True,True,True,False,200,Committed-file lookup; fragment IDs parsed from source HTML. HTTP status is not inferred.
https://irgmedia.org/work/always-on-program,https://irgmedia.org/work/always-on-program#content,Skip to content,contextual,,/work/always-on-program,https://irgmedia.org/work/always-on-program,content,True,True,False,False,200,Committed-file lookup; fragment IDs parsed from source HTML. HTTP status is not inferred.
https://irgmedia.org/work/always-on-program,https://irgmedia.org/work/always-on-program#content,Skip to content,contextual,,/work/always-on-program,https://irgmedia.org/work/always-on-program,content,True,True,False,False,200,Committed-file lookup; fragment IDs parsed from source HTML. HTTP status is not inferred.
https://irgmedia.org/work/always-on-program,https://irgmedia.org/,IRG,navigation,,/,https://irgmedia.org/,,True,True,False,False,200,Committed-file lookup; fragment IDs parsed from source HTML. HTTP status is not inferred.
https://irgmedia.org/work/always-on-program,https://irgmedia.org/services,Services,navigation,,/services,https://irgmedia.org/services,,True,True,False,False,200,Committed-file lookup; fragment IDs parsed from source HTML. HTTP status is not inferred.
https://irgmedia.org/work/always-on-program,https://irgmedia.org/why-irg,Why IRG,navigation,,/why-irg,https://irgmedia.org/why-irg,,True,True,False,False,200,Committed-file lookup; fragment IDs parsed from source HTML. HTTP status is not inferred.
https://irgmedia.org/work/always-on-program,https://irgmedia.org/approach,Approach,navigation,,/approach,https://irgmedia.org/approach,,True,True,False,False,200,Committed-file lookup; fragment IDs parsed from source HTML. HTTP status is not inferred.
https://irgmedia.org/work/always-on-program,https://irgmedia.org/work,Work,navigation,,/work,https://irgmedia.org/work,,True,True,False,False,200,Committed-file lookup; fragment IDs parsed from source HTML. HTTP status is not inferred.
https://irgmedia.org/work/always-on-program,https://irgmedia.org/resources,Resources,navigation,,/resources,https://irgmedia.org/resources,,True,True,False,False,200,Committed-file lookup; fragment IDs parsed from source HTML. HTTP status is not inferred.
https://irgmedia.org/work/always-on-program,https://irgmedia.org/about,About,navigation,,/about,https://irgmedia.org/about,,True,True,False,False,200,Committed-file lookup; fragment IDs parsed from source HTML. HTTP status is not inferred.
https://irgmedia.org/work/always-on-program,https://irgmedia.org/contact,Start a project,navigation,,/contact,https://irgmedia.org/contact,,True,True,False,False,200,Committed-file lookup; fragment IDs parsed from source HTML. HTTP status is not inferred.
https://irgmedia.org/work/always-on-program,https://irgmedia.org/,IRG,navigation,,/,https://irgmedia.org/,,True,True,False,False,200,Committed-file lookup; fragment IDs parsed from source HTML. HTTP status is not inferred.
https://irgmedia.org/work/always-on-program,https://irgmedia.org/services,Services,navigation,,/services,https://irgmedia.org/services,,True,True,False,False,200,Committed-file lookup; fragment IDs parsed from source HTML. HTTP status is not inferred.
https://irgmedia.org/work/always-on-program,https://irgmedia.org/why-irg,Why IRG,navigation,,/why-irg,https://irgmedia.org/why-irg,,True,True,False,False,200,Committed-file lookup; fragment IDs parsed from source HTML. HTTP status is not inferred.
https://irgmedia.org/work/always-on-program,https://irgmedia.org/approach,Approach,navigation,,/approach,https://irgmedia.org/approach,,True,True,False,False,200,Committed-file lookup; fragment IDs parsed from source HTML. HTTP status is not inferred.
https://irgmedia.org/work/always-on-program,https://irgmedia.org/work,Work,navigation,,/work,https://irgmedia.org/work,,True,True,False,False,200,Committed-file lookup; fragment IDs parsed from source HTML. HTTP status is not inferred.
https://irgmedia.org/work/always-on-program,https://irgmedia.org/resources,Resources,navigation,,/resources,https://irgmedia.org/resources,,True,True,False,False,200,Committed-file lookup; fragment IDs parsed from source HTML. HTTP status is not inferred.
https://irgmedia.org/work/always-on-program,https://irgmedia.org/about,About,navigation,,/about,https://irgmedia.org/about,,True,True,False,False,200,Committed-file lookup; fragment IDs parsed from source HTML. HTTP status is not inferred.
https://irgmedia.org/work/always-on-program,https://irgmedia.org/contact,Start a project,navigation,,/contact,https://irgmedia.org/contact,,True,True,False,False,200,Committed-file lookup; fragment IDs parsed from source HTML. HTTP status is not inferred.
https://irgmedia.org/work/always-on-program,https://irgmedia.org/,IRG,navigation,,/,https://irgmedia.org/,,True,True,False,False,200,Committed-file lookup; fragment IDs parsed from source HTML. HTTP status is not inferred.
https://irgmedia.org/work/always-on-program,https://irgmedia.org/services,Services,navigation,,/services,https://irgmedia.org/services,,True,True,False,False,200,Committed-file lookup; fragment IDs parsed from source HTML. HTTP status is not inferred.
https://irgmedia.org/work/always-on-program,https://irgmedia.org/why-irg,Why IRG,navigation,,/why-irg,https://irgmedia.org/why-irg,,True,True,False,False,200,Committed-file lookup; fragment IDs parsed from source HTML. HTTP status is not inferred.
https://irgmedia.org/work/always-on-program,https://irgmedia.org/approach,Approach,navigation,,/approach,https://irgmedia.org/approach,,True,True,False,False,200,Committed-file lookup; fragment IDs parsed from source HTML. HTTP status is not inferred.
https://irgmedia.org/work/always-on-program,https://irgmedia.org/work,Work,navigation,,/work,https://irgmedia.org/work,,True,True,False,False,200,Committed-file lookup; fragment IDs parsed from source HTML. HTTP status is not inferred.
https://irgmedia.org/work/always-on-program,https://irgmedia.org/resources,Resources,navigation,,/resources,https://irgmedia.org/resources,,True,True,False,False,200,Committed-file lookup; fragment IDs parsed from source HTML. HTTP status is not inferred.
https://irgmedia.org/work/always-on-program,https://irgmedia.org/about,About,navigation,,/about,https://irgmedia.org/about,,True,True,False,False,200,Committed-file lookup; fragment IDs parsed from source HTML. HTTP status is not inferred.
https://irgmedia.org/work/always-on-program,https://irgmedia.org/contact,Start a project,navigation,,/contact,https://irgmedia.org/contact,,True,True,False,False,200,Committed-file lookup; fragment IDs parsed from source HTML. HTTP status is not inferred.
https://irgmedia.org/work/always-on-program,https://irgmedia.org/,Home,navigation,IRG opening dark,/,https://irgmedia.org/,,True,True,False,False,200,Committed-file lookup; fragment IDs parsed from source HTML. HTTP status is not inferred.
https://irgmedia.org/work/always-on-program,https://irgmedia.org/work,Work,navigation,IRG opening dark,/work,https://irgmedia.org/work,,True,True,False,False,200,Committed-file lookup; fragment IDs parsed from source HTML. HTTP status is not inferred.
https://irgmedia.org/work/always-on-program,https://irgmedia.org/contact,Discuss your campaign ↗,contextual,IRG opening dark,/contact,https://irgmedia.org/contact,,True,True,False,False,200,Committed-file lookup; fragment IDs parsed from source HTML. HTTP status is not inferred.
https://irgmedia.org/work/always-on-program,https://irgmedia.org/work,Explore our work ↗,contextual,IRG opening dark,/work,https://irgmedia.org/work,,True,True,False,False,200,Committed-file lookup; fragment IDs parsed from source HTML. HTTP status is not inferred.
https://irgmedia.org/work/always-on-program,https://irgmedia.org/work/always-on-program#cycle,Keep the next brief connected,navigation,IRG opening dark,/work/always-on-program,https://irgmedia.org/work/always-on-program,cycle,True,True,False,False,200,Committed-file lookup; fragment IDs parsed from source HTML. HTTP status is not inferred.
https://irgmedia.org/work/always-on-program,https://irgmedia.org/work/always-on-program#retained-record,What carries between cycles,navigation,IRG opening dark,/work/always-on-program,https://irgmedia.org/work/always-on-program,retained-record,True,True,False,False,200,Committed-file lookup; fragment IDs parsed from source HTML. HTTP status is not inferred.
https://irgmedia.org/work/always-on-program,https://irgmedia.org/work/always-on-program#real-proof,A separate client case: Holafly,navigation,IRG opening dark,/work/always-on-program,https://irgmedia.org/work/always-on-program,real-proof,True,True,False,False,200,Committed-file lookup; fragment IDs parsed from source HTML. HTTP status is not inferred.
https://irgmedia.org/work/always-on-program,https://irgmedia.org/approach#frame,Frame the next brief ↗,contextual,cycle,/approach,https://irgmedia.org/approach,frame,True,True,False,False,200,Committed-file lookup; fragment IDs parsed from source HTML. HTTP status is not inferred.
https://irgmedia.org/work/always-on-program,https://irgmedia.org/approach#run,Coordinate delivery ↗,contextual,cycle,/approach,https://irgmedia.org/approach,run,True,True,False,False,200,Committed-file lookup; fragment IDs parsed from source HTML. HTTP status is not inferred.
https://irgmedia.org/work/always-on-program,https://irgmedia.org/approach#learn,Record the learning ↗,contextual,cycle,/approach,https://irgmedia.org/approach,learn,True,True,False,False,200,Committed-file lookup; fragment IDs parsed from source HTML. HTTP status is not inferred.
https://irgmedia.org/work/always-on-program,https://irgmedia.org/work/holafly,Read Holafly’s actual programme ↗,contextual,real-proof,/work/holafly,https://irgmedia.org/work/holafly,,True,True,False,False,200,Committed-file lookup; fragment IDs parsed from source HTML. HTTP status is not inferred.
https://irgmedia.org/work/always-on-program,https://irgmedia.org/services#campaign-operations,Compare campaign and ongoing scope ↗,contextual,real-proof,/services,https://irgmedia.org/services,campaign-operations,True,True,False,False,200,Committed-file lookup; fragment IDs parsed from source HTML. HTTP status is not inferred.
https://irgmedia.org/work/always-on-program,https://irgmedia.org/services,Services,navigation,,/services,https://irgmedia.org/services,,True,True,False,False,200,Committed-file lookup; fragment IDs parsed from source HTML. HTTP status is not inferred.
https://irgmedia.org/work/always-on-program,https://irgmedia.org/why-irg,Why IRG,navigation,,/why-irg,https://irgmedia.org/why-irg,,True,True,False,False,200,Committed-file lookup; fragment IDs parsed from source HTML. HTTP status is not inferred.
https://irgmedia.org/work/always-on-program,https://irgmedia.org/resources,Resources,navigation,,/resources,https://irgmedia.org/resources,,True,True,False,False,200,Committed-file lookup; fragment IDs parsed from source HTML. HTTP status is not inferred.
https://irgmedia.org/work/always-on-program,https://irgmedia.org/work,Work,navigation,,/work,https://irgmedia.org/work,,True,True,False,False,200,Committed-file lookup; fragment IDs parsed from source HTML. HTTP status is not inferred.
https://irgmedia.org/work/always-on-program,https://irgmedia.org/approach,Approach,navigation,,/approach,https://irgmedia.org/approach,,True,True,False,False,200,Committed-file lookup; fragment IDs parsed from source HTML. HTTP status is not inferred.
https://irgmedia.org/work/always-on-program,https://irgmedia.org/about,About,navigation,,/about,https://irgmedia.org/about,,True,True,False,False,200,Committed-file lookup; fragment IDs parsed from source HTML. HTTP status is not inferred.
https://irgmedia.org/work/always-on-program,https://irgmedia.org/contact,Contact,navigation,,/contact,https://irgmedia.org/contact,,True,True,False,False,200,Committed-file lookup; fragment IDs parsed from source HTML. HTTP status is not inferred.
https://irgmedia.org/work/always-on-program,https://irgmedia.org/contact,Start a project,navigation,,/contact,https://irgmedia.org/contact,,True,True,False,False,200,Committed-file lookup; fragment IDs parsed from source HTML. HTTP status is not inferred.
https://irgmedia.org/work/always-on-program,https://irgmedia.org/services,Services,navigation,,/services,https://irgmedia.org/services,,True,True,False,False,200,Committed-file lookup; fragment IDs parsed from source HTML. HTTP status is not inferred.
https://irgmedia.org/work/always-on-program,https://irgmedia.org/why-irg,Why IRG,navigation,,/why-irg,https://irgmedia.org/why-irg,,True,True,False,False,200,Committed-file lookup; fragment IDs parsed from source HTML. HTTP status is not inferred.
https://irgmedia.org/work/always-on-program,https://irgmedia.org/resources,Resources,navigation,,/resources,https://irgmedia.org/resources,,True,True,False,False,200,Committed-file lookup; fragment IDs parsed from source HTML. HTTP status is not inferred.
https://irgmedia.org/work/always-on-program,https://irgmedia.org/work,Work,navigation,,/work,https://irgmedia.org/work,,True,True,False,False,200,Committed-file lookup; fragment IDs parsed from source HTML. HTTP status is not inferred.
https://irgmedia.org/work/always-on-program,https://irgmedia.org/approach,Approach,navigation,,/approach,https://irgmedia.org/approach,,True,True,False,False,200,Committed-file lookup; fragment IDs parsed from source HTML. HTTP status is not inferred.
https://irgmedia.org/work/always-on-program,https://irgmedia.org/about,About,navigation,,/about,https://irgmedia.org/about,,True,True,False,False,200,Committed-file lookup; fragment IDs parsed from source HTML. HTTP status is not inferred.
https://irgmedia.org/work/always-on-program,https://irgmedia.org/contact,Contact,navigation,,/contact,https://irgmedia.org/contact,,True,True,False,False,200,Committed-file lookup; fragment IDs parsed from source HTML. HTTP status is not inferred.
https://irgmedia.org/work/always-on-program,https://irgmedia.org/contact,Start a project,navigation,,/contact,https://irgmedia.org/contact,,True,True,False,False,200,Committed-file lookup; fragment IDs parsed from source HTML. HTTP status is not inferred.
https://irgmedia.org/work/always-on-program,https://irgmedia.org/services,Services,navigation,,/services,https://irgmedia.org/services,,True,True,False,False,200,Committed-file lookup; fragment IDs parsed from source HTML. HTTP status is not inferred.
https://irgmedia.org/work/always-on-program,https://irgmedia.org/why-irg,Why IRG,navigation,,/why-irg,https://irgmedia.org/why-irg,,True,True,False,False,200,Committed-file lookup; fragment IDs parsed from source HTML. HTTP status is not inferred.
https://irgmedia.org/work/always-on-program,https://irgmedia.org/resources,Resources,navigation,,/resources,https://irgmedia.org/resources,,True,True,False,False,200,Committed-file lookup; fragment IDs parsed from source HTML. HTTP status is not inferred.
https://irgmedia.org/work/always-on-program,https://irgmedia.org/work,Work,navigation,,/work,https://irgmedia.org/work,,True,True,False,False,200,Committed-file lookup; fragment IDs parsed from source HTML. HTTP status is not inferred.
https://irgmedia.org/work/always-on-program,https://irgmedia.org/approach,Approach,navigation,,/approach,https://irgmedia.org/approach,,True,True,False,False,200,Committed-file lookup; fragment IDs parsed from source HTML. HTTP status is not inferred.
https://irgmedia.org/work/always-on-program,https://irgmedia.org/about,About,navigation,,/about,https://irgmedia.org/about,,True,True,False,False,200,Committed-file lookup; fragment IDs parsed from source HTML. HTTP status is not inferred.
https://irgmedia.org/work/always-on-program,https://irgmedia.org/contact,Contact,navigation,,/contact,https://irgmedia.org/contact,,True,True,False,False,200,Committed-file lookup; fragment IDs parsed from source HTML. HTTP status is not inferred.
https://irgmedia.org/work/always-on-program,https://irgmedia.org/contact,Start a project,navigation,,/contact,https://irgmedia.org/contact,,True,True,False,False,200,Committed-file lookup; fragment IDs parsed from source HTML. HTTP status is not inferred.
https://irgmedia.org/work/campaign-operations,https://irgmedia.org/work/campaign-operations#content,Skip to content,contextual,,/work/campaign-operations,https://irgmedia.org/work/campaign-operations,content,True,True,False,False,200,Committed-file lookup; fragment IDs parsed from source HTML. HTTP status is not inferred.
https://irgmedia.org/work/campaign-operations,https://irgmedia.org/work/campaign-operations#content,Skip to content,contextual,,/work/campaign-operations,https://irgmedia.org/work/campaign-operations,content,True,True,False,False,200,Committed-file lookup; fragment IDs parsed from source HTML. HTTP status is not inferred.
https://irgmedia.org/work/campaign-operations,https://irgmedia.org/,IRG,navigation,,/,https://irgmedia.org/,,True,True,False,False,200,Committed-file lookup; fragment IDs parsed from source HTML. HTTP status is not inferred.
https://irgmedia.org/work/campaign-operations,https://irgmedia.org/services,Services,navigation,,/services,https://irgmedia.org/services,,True,True,False,False,200,Committed-file lookup; fragment IDs parsed from source HTML. HTTP status is not inferred.
https://irgmedia.org/work/campaign-operations,https://irgmedia.org/why-irg,Why IRG,navigation,,/why-irg,https://irgmedia.org/why-irg,,True,True,False,False,200,Committed-file lookup; fragment IDs parsed from source HTML. HTTP status is not inferred.
https://irgmedia.org/work/campaign-operations,https://irgmedia.org/approach,Approach,navigation,,/approach,https://irgmedia.org/approach,,True,True,False,False,200,Committed-file lookup; fragment IDs parsed from source HTML. HTTP status is not inferred.
https://irgmedia.org/work/campaign-operations,https://irgmedia.org/work,Work,navigation,,/work,https://irgmedia.org/work,,True,True,False,False,200,Committed-file lookup; fragment IDs parsed from source HTML. HTTP status is not inferred.
https://irgmedia.org/work/campaign-operations,https://irgmedia.org/resources,Resources,navigation,,/resources,https://irgmedia.org/resources,,True,True,False,False,200,Committed-file lookup; fragment IDs parsed from source HTML. HTTP status is not inferred.
https://irgmedia.org/work/campaign-operations,https://irgmedia.org/about,About,navigation,,/about,https://irgmedia.org/about,,True,True,False,False,200,Committed-file lookup; fragment IDs parsed from source HTML. HTTP status is not inferred.
https://irgmedia.org/work/campaign-operations,https://irgmedia.org/contact,Start a project,navigation,,/contact,https://irgmedia.org/contact,,True,True,False,False,200,Committed-file lookup; fragment IDs parsed from source HTML. HTTP status is not inferred.
https://irgmedia.org/work/campaign-operations,https://irgmedia.org/,IRG,navigation,,/,https://irgmedia.org/,,True,True,False,False,200,Committed-file lookup; fragment IDs parsed from source HTML. HTTP status is not inferred.
https://irgmedia.org/work/campaign-operations,https://irgmedia.org/services,Services,navigation,,/services,https://irgmedia.org/services,,True,True,False,False,200,Committed-file lookup; fragment IDs parsed from source HTML. HTTP status is not inferred.
https://irgmedia.org/work/campaign-operations,https://irgmedia.org/why-irg,Why IRG,navigation,,/why-irg,https://irgmedia.org/why-irg,,True,True,False,False,200,Committed-file lookup; fragment IDs parsed from source HTML. HTTP status is not inferred.
https://irgmedia.org/work/campaign-operations,https://irgmedia.org/approach,Approach,navigation,,/approach,https://irgmedia.org/approach,,True,True,False,False,200,Committed-file lookup; fragment IDs parsed from source HTML. HTTP status is not inferred.
https://irgmedia.org/work/campaign-operations,https://irgmedia.org/work,Work,navigation,,/work,https://irgmedia.org/work,,True,True,False,False,200,Committed-file lookup; fragment IDs parsed from source HTML. HTTP status is not inferred.
https://irgmedia.org/work/campaign-operations,https://irgmedia.org/resources,Resources,navigation,,/resources,https://irgmedia.org/resources,,True,True,False,False,200,Committed-file lookup; fragment IDs parsed from source HTML. HTTP status is not inferred.
https://irgmedia.org/work/campaign-operations,https://irgmedia.org/about,About,navigation,,/about,https://irgmedia.org/about,,True,True,False,False,200,Committed-file lookup; fragment IDs parsed from source HTML. HTTP status is not inferred.
https://irgmedia.org/work/campaign-operations,https://irgmedia.org/contact,Start a project,navigation,,/contact,https://irgmedia.org/contact,,True,True,False,False,200,Committed-file lookup; fragment IDs parsed from source HTML. HTTP status is not inferred.
https://irgmedia.org/work/campaign-operations,https://irgmedia.org/,IRG,navigation,,/,https://irgmedia.org/,,True,True,False,False,200,Committed-file lookup; fragment IDs parsed from source HTML. HTTP status is not inferred.
https://irgmedia.org/work/campaign-operations,https://irgmedia.org/services,Services,navigation,,/services,https://irgmedia.org/services,,True,True,False,False,200,Committed-file lookup; fragment IDs parsed from source HTML. HTTP status is not inferred.
https://irgmedia.org/work/campaign-operations,https://irgmedia.org/why-irg,Why IRG,navigation,,/why-irg,https://irgmedia.org/why-irg,,True,True,False,False,200,Committed-file lookup; fragment IDs parsed from source HTML. HTTP status is not inferred.
https://irgmedia.org/work/campaign-operations,https://irgmedia.org/approach,Approach,navigation,,/approach,https://irgmedia.org/approach,,True,True,False,False,200,Committed-file lookup; fragment IDs parsed from source HTML. HTTP status is not inferred.
https://irgmedia.org/work/campaign-operations,https://irgmedia.org/work,Work,navigation,,/work,https://irgmedia.org/work,,True,True,False,False,200,Committed-file lookup; fragment IDs parsed from source HTML. HTTP status is not inferred.
https://irgmedia.org/work/campaign-operations,https://irgmedia.org/resources,Resources,navigation,,/resources,https://irgmedia.org/resources,,True,True,False,False,200,Committed-file lookup; fragment IDs parsed from source HTML. HTTP status is not inferred.
https://irgmedia.org/work/campaign-operations,https://irgmedia.org/about,About,navigation,,/about,https://irgmedia.org/about,,True,True,False,False,200,Committed-file lookup; fragment IDs parsed from source HTML. HTTP status is not inferred.
https://irgmedia.org/work/campaign-operations,https://irgmedia.org/contact,Start a project,navigation,,/contact,https://irgmedia.org/contact,,True,True,False,False,200,Committed-file lookup; fragment IDs parsed from source HTML. HTTP status is not inferred.
https://irgmedia.org/work/campaign-operations,https://irgmedia.org/,Home,navigation,IRG opening dark,/,https://irgmedia.org/,,True,True,False,False,200,Committed-file lookup; fragment IDs parsed from source HTML. HTTP status is not inferred.
https://irgmedia.org/work/campaign-operations,https://irgmedia.org/work,Work,navigation,IRG opening dark,/work,https://irgmedia.org/work,,True,True,False,False,200,Committed-file lookup; fragment IDs parsed from source HTML. HTTP status is not inferred.
https://irgmedia.org/work/campaign-operations,https://irgmedia.org/contact,Discuss your campaign ↗,contextual,IRG opening dark,/contact,https://irgmedia.org/contact,,True,True,False,False,200,Committed-file lookup; fragment IDs parsed from source HTML. HTTP status is not inferred.
https://irgmedia.org/work/campaign-operations,https://irgmedia.org/work,Explore our work ↗,contextual,IRG opening dark,/work,https://irgmedia.org/work,,True,True,False,False,200,Committed-file lookup; fragment IDs parsed from source HTML. HTTP status is not inferred.
https://irgmedia.org/work/campaign-operations,https://irgmedia.org/work/campaign-operations#working-record,A useful decision record,navigation,IRG opening dark,/work/campaign-operations,https://irgmedia.org/work/campaign-operations,working-record,True,True,False,False,200,Committed-file lookup; fragment IDs parsed from source HTML. HTTP status is not inferred.
https://irgmedia.org/work/campaign-operations,https://irgmedia.org/work/campaign-operations#example-handoff,An example approval path,navigation,IRG opening dark,/work/campaign-operations,https://irgmedia.org/work/campaign-operations,example-handoff,True,True,False,False,200,Committed-file lookup; fragment IDs parsed from source HTML. HTTP status is not inferred.
https://irgmedia.org/work/campaign-operations,https://irgmedia.org/work/campaign-operations#resolve,Questions this record should answer,navigation,IRG opening dark,/work/campaign-operations,https://irgmedia.org/work/campaign-operations,resolve,True,True,False,False,200,Committed-file lookup; fragment IDs parsed from source HTML. HTTP status is not inferred.
https://irgmedia.org/work/campaign-operations,https://irgmedia.org/services#campaign-operations,Campaign operations scope ↗,contextual,resolve,/services,https://irgmedia.org/services,campaign-operations,True,True,False,False,200,Committed-file lookup; fragment IDs parsed from source HTML. HTTP status is not inferred.
https://irgmedia.org/work/campaign-operations,https://irgmedia.org/approach#run,"Frame, Assemble, Run and Learn ↗",contextual,resolve,/approach,https://irgmedia.org/approach,run,True,True,False,False,200,Committed-file lookup; fragment IDs parsed from source HTML. HTTP status is not inferred.
https://irgmedia.org/work/campaign-operations,https://irgmedia.org/services,Services,navigation,,/services,https://irgmedia.org/services,,True,True,False,False,200,Committed-file lookup; fragment IDs parsed from source HTML. HTTP status is not inferred.
https://irgmedia.org/work/campaign-operations,https://irgmedia.org/why-irg,Why IRG,navigation,,/why-irg,https://irgmedia.org/why-irg,,True,True,False,False,200,Committed-file lookup; fragment IDs parsed from source HTML. HTTP status is not inferred.
https://irgmedia.org/work/campaign-operations,https://irgmedia.org/resources,Resources,navigation,,/resources,https://irgmedia.org/resources,,True,True,False,False,200,Committed-file lookup; fragment IDs parsed from source HTML. HTTP status is not inferred.
https://irgmedia.org/work/campaign-operations,https://irgmedia.org/work,Work,navigation,,/work,https://irgmedia.org/work,,True,True,False,False,200,Committed-file lookup; fragment IDs parsed from source HTML. HTTP status is not inferred.
https://irgmedia.org/work/campaign-operations,https://irgmedia.org/approach,Approach,navigation,,/approach,https://irgmedia.org/approach,,True,True,False,False,200,Committed-file lookup; fragment IDs parsed from source HTML. HTTP status is not inferred.
https://irgmedia.org/work/campaign-operations,https://irgmedia.org/about,About,navigation,,/about,https://irgmedia.org/about,,True,True,False,False,200,Committed-file lookup; fragment IDs parsed from source HTML. HTTP status is not inferred.
https://irgmedia.org/work/campaign-operations,https://irgmedia.org/contact,Contact,navigation,,/contact,https://irgmedia.org/contact,,True,True,False,False,200,Committed-file lookup; fragment IDs parsed from source HTML. HTTP status is not inferred.
https://irgmedia.org/work/campaign-operations,https://irgmedia.org/contact,Start a project,navigation,,/contact,https://irgmedia.org/contact,,True,True,False,False,200,Committed-file lookup; fragment IDs parsed from source HTML. HTTP status is not inferred.
https://irgmedia.org/work/campaign-operations,https://irgmedia.org/services,Services,navigation,,/services,https://irgmedia.org/services,,True,True,False,False,200,Committed-file lookup; fragment IDs parsed from source HTML. HTTP status is not inferred.
https://irgmedia.org/work/campaign-operations,https://irgmedia.org/why-irg,Why IRG,navigation,,/why-irg,https://irgmedia.org/why-irg,,True,True,False,False,200,Committed-file lookup; fragment IDs parsed from source HTML. HTTP status is not inferred.
https://irgmedia.org/work/campaign-operations,https://irgmedia.org/resources,Resources,navigation,,/resources,https://irgmedia.org/resources,,True,True,False,False,200,Committed-file lookup; fragment IDs parsed from source HTML. HTTP status is not inferred.
https://irgmedia.org/work/campaign-operations,https://irgmedia.org/work,Work,navigation,,/work,https://irgmedia.org/work,,True,True,False,False,200,Committed-file lookup; fragment IDs parsed from source HTML. HTTP status is not inferred.
https://irgmedia.org/work/campaign-operations,https://irgmedia.org/approach,Approach,navigation,,/approach,https://irgmedia.org/approach,,True,True,False,False,200,Committed-file lookup; fragment IDs parsed from source HTML. HTTP status is not inferred.
https://irgmedia.org/work/campaign-operations,https://irgmedia.org/about,About,navigation,,/about,https://irgmedia.org/about,,True,True,False,False,200,Committed-file lookup; fragment IDs parsed from source HTML. HTTP status is not inferred.
https://irgmedia.org/work/campaign-operations,https://irgmedia.org/contact,Contact,navigation,,/contact,https://irgmedia.org/contact,,True,True,False,False,200,Committed-file lookup; fragment IDs parsed from source HTML. HTTP status is not inferred.
https://irgmedia.org/work/campaign-operations,https://irgmedia.org/contact,Start a project,navigation,,/contact,https://irgmedia.org/contact,,True,True,False,False,200,Committed-file lookup; fragment IDs parsed from source HTML. HTTP status is not inferred.
https://irgmedia.org/work/campaign-operations,https://irgmedia.org/services,Services,navigation,,/services,https://irgmedia.org/services,,True,True,False,False,200,Committed-file lookup; fragment IDs parsed from source HTML. HTTP status is not inferred.
https://irgmedia.org/work/campaign-operations,https://irgmedia.org/why-irg,Why IRG,navigation,,/why-irg,https://irgmedia.org/why-irg,,True,True,False,False,200,Committed-file lookup; fragment IDs parsed from source HTML. HTTP status is not inferred.
https://irgmedia.org/work/campaign-operations,https://irgmedia.org/resources,Resources,navigation,,/resources,https://irgmedia.org/resources,,True,True,False,False,200,Committed-file lookup; fragment IDs parsed from source HTML. HTTP status is not inferred.
https://irgmedia.org/work/campaign-operations,https://irgmedia.org/work,Work,navigation,,/work,https://irgmedia.org/work,,True,True,False,False,200,Committed-file lookup; fragment IDs parsed from source HTML. HTTP status is not inferred.
https://irgmedia.org/work/campaign-operations,https://irgmedia.org/approach,Approach,navigation,,/approach,https://irgmedia.org/approach,,True,True,False,False,200,Committed-file lookup; fragment IDs parsed from source HTML. HTTP status is not inferred.
https://irgmedia.org/work/campaign-operations,https://irgmedia.org/about,About,navigation,,/about,https://irgmedia.org/about,,True,True,False,False,200,Committed-file lookup; fragment IDs parsed from source HTML. HTTP status is not inferred.
https://irgmedia.org/work/campaign-operations,https://irgmedia.org/contact,Contact,navigation,,/contact,https://irgmedia.org/contact,,True,True,False,False,200,Committed-file lookup; fragment IDs parsed from source HTML. HTTP status is not inferred.
https://irgmedia.org/work/campaign-operations,https://irgmedia.org/contact,Start a project,navigation,,/contact,https://irgmedia.org/contact,,True,True,False,False,200,Committed-file lookup; fragment IDs parsed from source HTML. HTTP status is not inferred.
https://irgmedia.org/work/holafly,https://irgmedia.org/work/holafly#content,Skip to content,contextual,,/work/holafly,https://irgmedia.org/work/holafly,content,True,True,False,False,200,Committed-file lookup; fragment IDs parsed from source HTML. HTTP status is not inferred.
https://irgmedia.org/work/holafly,https://irgmedia.org/work/holafly#content,Skip to content,contextual,,/work/holafly,https://irgmedia.org/work/holafly,content,True,True,False,False,200,Committed-file lookup; fragment IDs parsed from source HTML. HTTP status is not inferred.
https://irgmedia.org/work/holafly,https://irgmedia.org/,IRG,navigation,,/,https://irgmedia.org/,,True,True,False,False,200,Committed-file lookup; fragment IDs parsed from source HTML. HTTP status is not inferred.
https://irgmedia.org/work/holafly,https://irgmedia.org/services,Services,navigation,,/services,https://irgmedia.org/services,,True,True,False,False,200,Committed-file lookup; fragment IDs parsed from source HTML. HTTP status is not inferred.
https://irgmedia.org/work/holafly,https://irgmedia.org/why-irg,Why IRG,navigation,,/why-irg,https://irgmedia.org/why-irg,,True,True,False,False,200,Committed-file lookup; fragment IDs parsed from source HTML. HTTP status is not inferred.
https://irgmedia.org/work/holafly,https://irgmedia.org/approach,Approach,navigation,,/approach,https://irgmedia.org/approach,,True,True,False,False,200,Committed-file lookup; fragment IDs parsed from source HTML. HTTP status is not inferred.
https://irgmedia.org/work/holafly,https://irgmedia.org/work,Work,navigation,,/work,https://irgmedia.org/work,,True,True,False,False,200,Committed-file lookup; fragment IDs parsed from source HTML. HTTP status is not inferred.
https://irgmedia.org/work/holafly,https://irgmedia.org/resources,Resources,navigation,,/resources,https://irgmedia.org/resources,,True,True,False,False,200,Committed-file lookup; fragment IDs parsed from source HTML. HTTP status is not inferred.
https://irgmedia.org/work/holafly,https://irgmedia.org/about,About,navigation,,/about,https://irgmedia.org/about,,True,True,False,False,200,Committed-file lookup; fragment IDs parsed from source HTML. HTTP status is not inferred.
https://irgmedia.org/work/holafly,https://irgmedia.org/contact,Start a project,navigation,,/contact,https://irgmedia.org/contact,,True,True,False,False,200,Committed-file lookup; fragment IDs parsed from source HTML. HTTP status is not inferred.
https://irgmedia.org/work/holafly,https://irgmedia.org/,IRG,navigation,,/,https://irgmedia.org/,,True,True,False,False,200,Committed-file lookup; fragment IDs parsed from source HTML. HTTP status is not inferred.
https://irgmedia.org/work/holafly,https://irgmedia.org/services,Services,navigation,,/services,https://irgmedia.org/services,,True,True,False,False,200,Committed-file lookup; fragment IDs parsed from source HTML. HTTP status is not inferred.
https://irgmedia.org/work/holafly,https://irgmedia.org/why-irg,Why IRG,navigation,,/why-irg,https://irgmedia.org/why-irg,,True,True,False,False,200,Committed-file lookup; fragment IDs parsed from source HTML. HTTP status is not inferred.
https://irgmedia.org/work/holafly,https://irgmedia.org/approach,Approach,navigation,,/approach,https://irgmedia.org/approach,,True,True,False,False,200,Committed-file lookup; fragment IDs parsed from source HTML. HTTP status is not inferred.
https://irgmedia.org/work/holafly,https://irgmedia.org/work,Work,navigation,,/work,https://irgmedia.org/work,,True,True,False,False,200,Committed-file lookup; fragment IDs parsed from source HTML. HTTP status is not inferred.
https://irgmedia.org/work/holafly,https://irgmedia.org/resources,Resources,navigation,,/resources,https://irgmedia.org/resources,,True,True,False,False,200,Committed-file lookup; fragment IDs parsed from source HTML. HTTP status is not inferred.
https://irgmedia.org/work/holafly,https://irgmedia.org/about,About,navigation,,/about,https://irgmedia.org/about,,True,True,False,False,200,Committed-file lookup; fragment IDs parsed from source HTML. HTTP status is not inferred.
https://irgmedia.org/work/holafly,https://irgmedia.org/contact,Start a project,navigation,,/contact,https://irgmedia.org/contact,,True,True,False,False,200,Committed-file lookup; fragment IDs parsed from source HTML. HTTP status is not inferred.
https://irgmedia.org/work/holafly,https://irgmedia.org/,IRG,navigation,,/,https://irgmedia.org/,,True,True,False,False,200,Committed-file lookup; fragment IDs parsed from source HTML. HTTP status is not inferred.
https://irgmedia.org/work/holafly,https://irgmedia.org/services,Services,navigation,,/services,https://irgmedia.org/services,,True,True,False,False,200,Committed-file lookup; fragment IDs parsed from source HTML. HTTP status is not inferred.
https://irgmedia.org/work/holafly,https://irgmedia.org/why-irg,Why IRG,navigation,,/why-irg,https://irgmedia.org/why-irg,,True,True,False,False,200,Committed-file lookup; fragment IDs parsed from source HTML. HTTP status is not inferred.
https://irgmedia.org/work/holafly,https://irgmedia.org/approach,Approach,navigation,,/approach,https://irgmedia.org/approach,,True,True,False,False,200,Committed-file lookup; fragment IDs parsed from source HTML. HTTP status is not inferred.
https://irgmedia.org/work/holafly,https://irgmedia.org/work,Work,navigation,,/work,https://irgmedia.org/work,,True,True,False,False,200,Committed-file lookup; fragment IDs parsed from source HTML. HTTP status is not inferred.
https://irgmedia.org/work/holafly,https://irgmedia.org/resources,Resources,navigation,,/resources,https://irgmedia.org/resources,,True,True,False,False,200,Committed-file lookup; fragment IDs parsed from source HTML. HTTP status is not inferred.
https://irgmedia.org/work/holafly,https://irgmedia.org/about,About,navigation,,/about,https://irgmedia.org/about,,True,True,False,False,200,Committed-file lookup; fragment IDs parsed from source HTML. HTTP status is not inferred.
https://irgmedia.org/work/holafly,https://irgmedia.org/contact,Start a project,navigation,,/contact,https://irgmedia.org/contact,,True,True,False,False,200,Committed-file lookup; fragment IDs parsed from source HTML. HTTP status is not inferred.
https://irgmedia.org/work/holafly,https://irgmedia.org/,Home,navigation,IRG opening dark,/,https://irgmedia.org/,,True,True,False,False,200,Committed-file lookup; fragment IDs parsed from source HTML. HTTP status is not inferred.
https://irgmedia.org/work/holafly,https://irgmedia.org/work,Work,navigation,IRG opening dark,/work,https://irgmedia.org/work,,True,True,False,False,200,Committed-file lookup; fragment IDs parsed from source HTML. HTTP status is not inferred.
https://irgmedia.org/work/holafly,https://irgmedia.org/contact,Discuss your campaign ↗,contextual,IRG opening dark,/contact,https://irgmedia.org/contact,,True,True,False,False,200,Committed-file lookup; fragment IDs parsed from source HTML. HTTP status is not inferred.
https://irgmedia.org/work/holafly,https://irgmedia.org/work,Explore our work ↗,contextual,IRG opening dark,/work,https://irgmedia.org/work,,True,True,False,False,200,Committed-file lookup; fragment IDs parsed from source HTML. HTTP status is not inferred.
https://irgmedia.org/work/holafly,https://irgmedia.org/work/holafly#creator-examples,Creative interpretation in the programme,navigation,IRG opening dark,/work/holafly,https://irgmedia.org/work/holafly,creator-examples,True,True,False,False,200,Committed-file lookup; fragment IDs parsed from source HTML. HTTP status is not inferred.
https://irgmedia.org/work/holafly,https://irgmedia.org/work/holafly#results,A connected working process,navigation,IRG opening dark,/work/holafly,https://irgmedia.org/work/holafly,results,True,True,False,False,200,Committed-file lookup; fragment IDs parsed from source HTML. HTTP status is not inferred.
https://irgmedia.org/work/holafly,https://irgmedia.org/work/holafly#measurement,Keep the reporting question clear,navigation,IRG opening dark,/work/holafly,https://irgmedia.org/work/holafly,measurement,True,True,False,False,200,Committed-file lookup; fragment IDs parsed from source HTML. HTTP status is not inferred.
https://irgmedia.org/work/holafly,https://irgmedia.org/services#travel,Travel brief planning ↗,contextual,markets,/services,https://irgmedia.org/services,travel,True,True,False,False,200,Committed-file lookup; fragment IDs parsed from source HTML. HTTP status is not inferred.
https://irgmedia.org/work/holafly,https://irgmedia.org/services#creator-access,Creator fit and shortlist rationale ↗,contextual,markets,/services,https://irgmedia.org/services,creator-access,True,True,False,False,200,Committed-file lookup; fragment IDs parsed from source HTML. HTTP status is not inferred.
https://irgmedia.org/work/holafly,https://irgmedia.org/services#creator-access,How creator selection works ↗,contextual,approach,/services,https://irgmedia.org/services,creator-access,True,True,False,False,200,Committed-file lookup; fragment IDs parsed from source HTML. HTTP status is not inferred.
https://irgmedia.org/work/holafly,https://irgmedia.org/approach#frame,IRG’s shared operating model ↗,contextual,approach,/approach,https://irgmedia.org/approach,frame,True,True,False,False,200,Committed-file lookup; fragment IDs parsed from source HTML. HTTP status is not inferred.
https://irgmedia.org/work/holafly,https://irgmedia.org/services#campaign-operations,Review the campaign operating scope ↗,contextual,results,/services,https://irgmedia.org/services,campaign-operations,True,True,False,False,200,Committed-file lookup; fragment IDs parsed from source HTML. HTTP status is not inferred.
https://irgmedia.org/work/holafly,https://irgmedia.org/approach#run,See the Run responsibilities ↗,contextual,results,/approach,https://irgmedia.org/approach,run,True,True,False,False,200,Committed-file lookup; fragment IDs parsed from source HTML. HTTP status is not inferred.
https://irgmedia.org/work/holafly,https://irgmedia.org/services#performance-learning,How IRG reviews available evidence ↗,contextual,measurement,/services,https://irgmedia.org/services,performance-learning,True,True,False,False,200,Committed-file lookup; fragment IDs parsed from source HTML. HTTP status is not inferred.
https://irgmedia.org/work/holafly,https://irgmedia.org/approach#learn,Carry evidence into the next brief ↗,contextual,measurement,/approach,https://irgmedia.org/approach,learn,True,True,False,False,200,Committed-file lookup; fragment IDs parsed from source HTML. HTTP status is not inferred.
https://irgmedia.org/work/holafly,https://irgmedia.org/services#travel,Travel creator programmes ↗,contextual,learning,/services,https://irgmedia.org/services,travel,True,True,False,False,200,Committed-file lookup; fragment IDs parsed from source HTML. HTTP status is not inferred.
https://irgmedia.org/work/holafly,https://irgmedia.org/contact,Discuss your next campaign ↗,contextual,learning,/contact,https://irgmedia.org/contact,,True,True,False,False,200,Committed-file lookup; fragment IDs parsed from source HTML. HTTP status is not inferred.
https://irgmedia.org/work/holafly,https://irgmedia.org/services,Services,navigation,,/services,https://irgmedia.org/services,,True,True,False,False,200,Committed-file lookup; fragment IDs parsed from source HTML. HTTP status is not inferred.
https://irgmedia.org/work/holafly,https://irgmedia.org/why-irg,Why IRG,navigation,,/why-irg,https://irgmedia.org/why-irg,,True,True,False,False,200,Committed-file lookup; fragment IDs parsed from source HTML. HTTP status is not inferred.
https://irgmedia.org/work/holafly,https://irgmedia.org/resources,Resources,navigation,,/resources,https://irgmedia.org/resources,,True,True,False,False,200,Committed-file lookup; fragment IDs parsed from source HTML. HTTP status is not inferred.
https://irgmedia.org/work/holafly,https://irgmedia.org/work,Work,navigation,,/work,https://irgmedia.org/work,,True,True,False,False,200,Committed-file lookup; fragment IDs parsed from source HTML. HTTP status is not inferred.
https://irgmedia.org/work/holafly,https://irgmedia.org/approach,Approach,navigation,,/approach,https://irgmedia.org/approach,,True,True,False,False,200,Committed-file lookup; fragment IDs parsed from source HTML. HTTP status is not inferred.
https://irgmedia.org/work/holafly,https://irgmedia.org/about,About,navigation,,/about,https://irgmedia.org/about,,True,True,False,False,200,Committed-file lookup; fragment IDs parsed from source HTML. HTTP status is not inferred.
https://irgmedia.org/work/holafly,https://irgmedia.org/contact,Contact,navigation,,/contact,https://irgmedia.org/contact,,True,True,False,False,200,Committed-file lookup; fragment IDs parsed from source HTML. HTTP status is not inferred.
https://irgmedia.org/work/holafly,https://irgmedia.org/contact,Start a project,navigation,,/contact,https://irgmedia.org/contact,,True,True,False,False,200,Committed-file lookup; fragment IDs parsed from source HTML. HTTP status is not inferred.
https://irgmedia.org/work/holafly,https://irgmedia.org/services,Services,navigation,,/services,https://irgmedia.org/services,,True,True,False,False,200,Committed-file lookup; fragment IDs parsed from source HTML. HTTP status is not inferred.
https://irgmedia.org/work/holafly,https://irgmedia.org/why-irg,Why IRG,navigation,,/why-irg,https://irgmedia.org/why-irg,,True,True,False,False,200,Committed-file lookup; fragment IDs parsed from source HTML. HTTP status is not inferred.
https://irgmedia.org/work/holafly,https://irgmedia.org/resources,Resources,navigation,,/resources,https://irgmedia.org/resources,,True,True,False,False,200,Committed-file lookup; fragment IDs parsed from source HTML. HTTP status is not inferred.
https://irgmedia.org/work/holafly,https://irgmedia.org/work,Work,navigation,,/work,https://irgmedia.org/work,,True,True,False,False,200,Committed-file lookup; fragment IDs parsed from source HTML. HTTP status is not inferred.
https://irgmedia.org/work/holafly,https://irgmedia.org/approach,Approach,navigation,,/approach,https://irgmedia.org/approach,,True,True,False,False,200,Committed-file lookup; fragment IDs parsed from source HTML. HTTP status is not inferred.
https://irgmedia.org/work/holafly,https://irgmedia.org/about,About,navigation,,/about,https://irgmedia.org/about,,True,True,False,False,200,Committed-file lookup; fragment IDs parsed from source HTML. HTTP status is not inferred.
https://irgmedia.org/work/holafly,https://irgmedia.org/contact,Contact,navigation,,/contact,https://irgmedia.org/contact,,True,True,False,False,200,Committed-file lookup; fragment IDs parsed from source HTML. HTTP status is not inferred.
https://irgmedia.org/work/holafly,https://irgmedia.org/contact,Start a project,navigation,,/contact,https://irgmedia.org/contact,,True,True,False,False,200,Committed-file lookup; fragment IDs parsed from source HTML. HTTP status is not inferred.
https://irgmedia.org/work/holafly,https://irgmedia.org/services,Services,navigation,,/services,https://irgmedia.org/services,,True,True,False,False,200,Committed-file lookup; fragment IDs parsed from source HTML. HTTP status is not inferred.
https://irgmedia.org/work/holafly,https://irgmedia.org/why-irg,Why IRG,navigation,,/why-irg,https://irgmedia.org/why-irg,,True,True,False,False,200,Committed-file lookup; fragment IDs parsed from source HTML. HTTP status is not inferred.
https://irgmedia.org/work/holafly,https://irgmedia.org/resources,Resources,navigation,,/resources,https://irgmedia.org/resources,,True,True,False,False,200,Committed-file lookup; fragment IDs parsed from source HTML. HTTP status is not inferred.
https://irgmedia.org/work/holafly,https://irgmedia.org/work,Work,navigation,,/work,https://irgmedia.org/work,,True,True,False,False,200,Committed-file lookup; fragment IDs parsed from source HTML. HTTP status is not inferred.
https://irgmedia.org/work/holafly,https://irgmedia.org/approach,Approach,navigation,,/approach,https://irgmedia.org/approach,,True,True,False,False,200,Committed-file lookup; fragment IDs parsed from source HTML. HTTP status is not inferred.
https://irgmedia.org/work/holafly,https://irgmedia.org/about,About,navigation,,/about,https://irgmedia.org/about,,True,True,False,False,200,Committed-file lookup; fragment IDs parsed from source HTML. HTTP status is not inferred.
https://irgmedia.org/work/holafly,https://irgmedia.org/contact,Contact,navigation,,/contact,https://irgmedia.org/contact,,True,True,False,False,200,Committed-file lookup; fragment IDs parsed from source HTML. HTTP status is not inferred.
https://irgmedia.org/work/holafly,https://irgmedia.org/contact,Start a project,navigation,,/contact,https://irgmedia.org/contact,,True,True,False,False,200,Committed-file lookup; fragment IDs parsed from source HTML. HTTP status is not inferred.
https://irgmedia.org/work/hospitality-travel-brief,https://irgmedia.org/work/hospitality-travel-brief#content,Skip to content,contextual,,/work/hospitality-travel-brief,https://irgmedia.org/work/hospitality-travel-brief,content,True,True,False,False,200,Committed-file lookup; fragment IDs parsed from source HTML. HTTP status is not inferred.
https://irgmedia.org/work/hospitality-travel-brief,https://irgmedia.org/work/hospitality-travel-brief#content,Skip to content,contextual,,/work/hospitality-travel-brief,https://irgmedia.org/work/hospitality-travel-brief,content,True,True,False,False,200,Committed-file lookup; fragment IDs parsed from source HTML. HTTP status is not inferred.
https://irgmedia.org/work/hospitality-travel-brief,https://irgmedia.org/,IRG,navigation,,/,https://irgmedia.org/,,True,True,False,False,200,Committed-file lookup; fragment IDs parsed from source HTML. HTTP status is not inferred.
https://irgmedia.org/work/hospitality-travel-brief,https://irgmedia.org/services,Services,navigation,,/services,https://irgmedia.org/services,,True,True,False,False,200,Committed-file lookup; fragment IDs parsed from source HTML. HTTP status is not inferred.
https://irgmedia.org/work/hospitality-travel-brief,https://irgmedia.org/why-irg,Why IRG,navigation,,/why-irg,https://irgmedia.org/why-irg,,True,True,False,False,200,Committed-file lookup; fragment IDs parsed from source HTML. HTTP status is not inferred.
https://irgmedia.org/work/hospitality-travel-brief,https://irgmedia.org/approach,Approach,navigation,,/approach,https://irgmedia.org/approach,,True,True,False,False,200,Committed-file lookup; fragment IDs parsed from source HTML. HTTP status is not inferred.
https://irgmedia.org/work/hospitality-travel-brief,https://irgmedia.org/work,Work,navigation,,/work,https://irgmedia.org/work,,True,True,False,False,200,Committed-file lookup; fragment IDs parsed from source HTML. HTTP status is not inferred.
https://irgmedia.org/work/hospitality-travel-brief,https://irgmedia.org/resources,Resources,navigation,,/resources,https://irgmedia.org/resources,,True,True,False,False,200,Committed-file lookup; fragment IDs parsed from source HTML. HTTP status is not inferred.
https://irgmedia.org/work/hospitality-travel-brief,https://irgmedia.org/about,About,navigation,,/about,https://irgmedia.org/about,,True,True,False,False,200,Committed-file lookup; fragment IDs parsed from source HTML. HTTP status is not inferred.
https://irgmedia.org/work/hospitality-travel-brief,https://irgmedia.org/contact,Start a project,navigation,,/contact,https://irgmedia.org/contact,,True,True,False,False,200,Committed-file lookup; fragment IDs parsed from source HTML. HTTP status is not inferred.
https://irgmedia.org/work/hospitality-travel-brief,https://irgmedia.org/,IRG,navigation,,/,https://irgmedia.org/,,True,True,False,False,200,Committed-file lookup; fragment IDs parsed from source HTML. HTTP status is not inferred.
https://irgmedia.org/work/hospitality-travel-brief,https://irgmedia.org/services,Services,navigation,,/services,https://irgmedia.org/services,,True,True,False,False,200,Committed-file lookup; fragment IDs parsed from source HTML. HTTP status is not inferred.
https://irgmedia.org/work/hospitality-travel-brief,https://irgmedia.org/why-irg,Why IRG,navigation,,/why-irg,https://irgmedia.org/why-irg,,True,True,False,False,200,Committed-file lookup; fragment IDs parsed from source HTML. HTTP status is not inferred.
https://irgmedia.org/work/hospitality-travel-brief,https://irgmedia.org/approach,Approach,navigation,,/approach,https://irgmedia.org/approach,,True,True,False,False,200,Committed-file lookup; fragment IDs parsed from source HTML. HTTP status is not inferred.
https://irgmedia.org/work/hospitality-travel-brief,https://irgmedia.org/work,Work,navigation,,/work,https://irgmedia.org/work,,True,True,False,False,200,Committed-file lookup; fragment IDs parsed from source HTML. HTTP status is not inferred.
https://irgmedia.org/work/hospitality-travel-brief,https://irgmedia.org/resources,Resources,navigation,,/resources,https://irgmedia.org/resources,,True,True,False,False,200,Committed-file lookup; fragment IDs parsed from source HTML. HTTP status is not inferred.
https://irgmedia.org/work/hospitality-travel-brief,https://irgmedia.org/about,About,navigation,,/about,https://irgmedia.org/about,,True,True,False,False,200,Committed-file lookup; fragment IDs parsed from source HTML. HTTP status is not inferred.
https://irgmedia.org/work/hospitality-travel-brief,https://irgmedia.org/contact,Start a project,navigation,,/contact,https://irgmedia.org/contact,,True,True,False,False,200,Committed-file lookup; fragment IDs parsed from source HTML. HTTP status is not inferred.
https://irgmedia.org/work/hospitality-travel-brief,https://irgmedia.org/,IRG,navigation,,/,https://irgmedia.org/,,True,True,False,False,200,Committed-file lookup; fragment IDs parsed from source HTML. HTTP status is not inferred.
https://irgmedia.org/work/hospitality-travel-brief,https://irgmedia.org/services,Services,navigation,,/services,https://irgmedia.org/services,,True,True,False,False,200,Committed-file lookup; fragment IDs parsed from source HTML. HTTP status is not inferred.
https://irgmedia.org/work/hospitality-travel-brief,https://irgmedia.org/why-irg,Why IRG,navigation,,/why-irg,https://irgmedia.org/why-irg,,True,True,False,False,200,Committed-file lookup; fragment IDs parsed from source HTML. HTTP status is not inferred.
https://irgmedia.org/work/hospitality-travel-brief,https://irgmedia.org/approach,Approach,navigation,,/approach,https://irgmedia.org/approach,,True,True,False,False,200,Committed-file lookup; fragment IDs parsed from source HTML. HTTP status is not inferred.
https://irgmedia.org/work/hospitality-travel-brief,https://irgmedia.org/work,Work,navigation,,/work,https://irgmedia.org/work,,True,True,False,False,200,Committed-file lookup; fragment IDs parsed from source HTML. HTTP status is not inferred.
https://irgmedia.org/work/hospitality-travel-brief,https://irgmedia.org/resources,Resources,navigation,,/resources,https://irgmedia.org/resources,,True,True,False,False,200,Committed-file lookup; fragment IDs parsed from source HTML. HTTP status is not inferred.
https://irgmedia.org/work/hospitality-travel-brief,https://irgmedia.org/about,About,navigation,,/about,https://irgmedia.org/about,,True,True,False,False,200,Committed-file lookup; fragment IDs parsed from source HTML. HTTP status is not inferred.
https://irgmedia.org/work/hospitality-travel-brief,https://irgmedia.org/contact,Start a project,navigation,,/contact,https://irgmedia.org/contact,,True,True,False,False,200,Committed-file lookup; fragment IDs parsed from source HTML. HTTP status is not inferred.
https://irgmedia.org/work/hospitality-travel-brief,https://irgmedia.org/,Home,navigation,IRG opening dark,/,https://irgmedia.org/,,True,True,False,False,200,Committed-file lookup; fragment IDs parsed from source HTML. HTTP status is not inferred.
https://irgmedia.org/work/hospitality-travel-brief,https://irgmedia.org/work,Work,navigation,IRG opening dark,/work,https://irgmedia.org/work,,True,True,False,False,200,Committed-file lookup; fragment IDs parsed from source HTML. HTTP status is not inferred.
https://irgmedia.org/work/hospitality-travel-brief,https://irgmedia.org/contact,Discuss your campaign ↗,contextual,IRG opening dark,/contact,https://irgmedia.org/contact,,True,True,False,False,200,Committed-file lookup; fragment IDs parsed from source HTML. HTTP status is not inferred.
https://irgmedia.org/work/hospitality-travel-brief,https://irgmedia.org/work,Explore our work ↗,contextual,IRG opening dark,/work,https://irgmedia.org/work,,True,True,False,False,200,Committed-file lookup; fragment IDs parsed from source HTML. HTTP status is not inferred.
https://irgmedia.org/work/hospitality-travel-brief,https://irgmedia.org/work/hospitality-travel-brief#brief-context,Make the experience and requirements explicit,navigation,IRG opening dark,/work/hospitality-travel-brief,https://irgmedia.org/work/hospitality-travel-brief,brief-context,True,True,False,False,200,Committed-file lookup; fragment IDs parsed from source HTML. HTTP status is not inferred.
https://irgmedia.org/work/hospitality-travel-brief,https://irgmedia.org/work/hospitality-travel-brief#brief-fields,Questions for a working hospitality brief,navigation,IRG opening dark,/work/hospitality-travel-brief,https://irgmedia.org/work/hospitality-travel-brief,brief-fields,True,True,False,False,200,Committed-file lookup; fragment IDs parsed from source HTML. HTTP status is not inferred.
https://irgmedia.org/work/hospitality-travel-brief,https://irgmedia.org/work/hospitality-travel-brief#outputs,From answers to an agreed plan,navigation,IRG opening dark,/work/hospitality-travel-brief,https://irgmedia.org/work/hospitality-travel-brief,outputs,True,True,False,False,200,Committed-file lookup; fragment IDs parsed from source HTML. HTTP status is not inferred.
https://irgmedia.org/work/hospitality-travel-brief,https://irgmedia.org/approach#frame,Frame the audience and objective ↗,contextual,brief-context,/approach,https://irgmedia.org/approach,frame,True,True,False,False,200,Committed-file lookup; fragment IDs parsed from source HTML. HTTP status is not inferred.
https://irgmedia.org/work/hospitality-travel-brief,https://irgmedia.org/services#hospitality,Hospitality planning and scope ↗,contextual,outputs,/services,https://irgmedia.org/services,hospitality,True,True,False,False,200,Committed-file lookup; fragment IDs parsed from source HTML. HTTP status is not inferred.
https://irgmedia.org/work/hospitality-travel-brief,https://irgmedia.org/services,Creator access and campaign operations ↗,contextual,outputs,/services,https://irgmedia.org/services,,True,True,False,False,200,Committed-file lookup; fragment IDs parsed from source HTML. HTTP status is not inferred.
https://irgmedia.org/work/hospitality-travel-brief,https://irgmedia.org/services,Services,navigation,,/services,https://irgmedia.org/services,,True,True,False,False,200,Committed-file lookup; fragment IDs parsed from source HTML. HTTP status is not inferred.
https://irgmedia.org/work/hospitality-travel-brief,https://irgmedia.org/why-irg,Why IRG,navigation,,/why-irg,https://irgmedia.org/why-irg,,True,True,False,False,200,Committed-file lookup; fragment IDs parsed from source HTML. HTTP status is not inferred.
https://irgmedia.org/work/hospitality-travel-brief,https://irgmedia.org/resources,Resources,navigation,,/resources,https://irgmedia.org/resources,,True,True,False,False,200,Committed-file lookup; fragment IDs parsed from source HTML. HTTP status is not inferred.
https://irgmedia.org/work/hospitality-travel-brief,https://irgmedia.org/work,Work,navigation,,/work,https://irgmedia.org/work,,True,True,False,False,200,Committed-file lookup; fragment IDs parsed from source HTML. HTTP status is not inferred.
https://irgmedia.org/work/hospitality-travel-brief,https://irgmedia.org/approach,Approach,navigation,,/approach,https://irgmedia.org/approach,,True,True,False,False,200,Committed-file lookup; fragment IDs parsed from source HTML. HTTP status is not inferred.
https://irgmedia.org/work/hospitality-travel-brief,https://irgmedia.org/about,About,navigation,,/about,https://irgmedia.org/about,,True,True,False,False,200,Committed-file lookup; fragment IDs parsed from source HTML. HTTP status is not inferred.
https://irgmedia.org/work/hospitality-travel-brief,https://irgmedia.org/contact,Contact,navigation,,/contact,https://irgmedia.org/contact,,True,True,False,False,200,Committed-file lookup; fragment IDs parsed from source HTML. HTTP status is not inferred.
https://irgmedia.org/work/hospitality-travel-brief,https://irgmedia.org/contact,Start a project,navigation,,/contact,https://irgmedia.org/contact,,True,True,False,False,200,Committed-file lookup; fragment IDs parsed from source HTML. HTTP status is not inferred.
https://irgmedia.org/work/hospitality-travel-brief,https://irgmedia.org/services,Services,navigation,,/services,https://irgmedia.org/services,,True,True,False,False,200,Committed-file lookup; fragment IDs parsed from source HTML. HTTP status is not inferred.
https://irgmedia.org/work/hospitality-travel-brief,https://irgmedia.org/why-irg,Why IRG,navigation,,/why-irg,https://irgmedia.org/why-irg,,True,True,False,False,200,Committed-file lookup; fragment IDs parsed from source HTML. HTTP status is not inferred.
https://irgmedia.org/work/hospitality-travel-brief,https://irgmedia.org/resources,Resources,navigation,,/resources,https://irgmedia.org/resources,,True,True,False,False,200,Committed-file lookup; fragment IDs parsed from source HTML. HTTP status is not inferred.
https://irgmedia.org/work/hospitality-travel-brief,https://irgmedia.org/work,Work,navigation,,/work,https://irgmedia.org/work,,True,True,False,False,200,Committed-file lookup; fragment IDs parsed from source HTML. HTTP status is not inferred.
https://irgmedia.org/work/hospitality-travel-brief,https://irgmedia.org/approach,Approach,navigation,,/approach,https://irgmedia.org/approach,,True,True,False,False,200,Committed-file lookup; fragment IDs parsed from source HTML. HTTP status is not inferred.
https://irgmedia.org/work/hospitality-travel-brief,https://irgmedia.org/about,About,navigation,,/about,https://irgmedia.org/about,,True,True,False,False,200,Committed-file lookup; fragment IDs parsed from source HTML. HTTP status is not inferred.
https://irgmedia.org/work/hospitality-travel-brief,https://irgmedia.org/contact,Contact,navigation,,/contact,https://irgmedia.org/contact,,True,True,False,False,200,Committed-file lookup; fragment IDs parsed from source HTML. HTTP status is not inferred.
https://irgmedia.org/work/hospitality-travel-brief,https://irgmedia.org/contact,Start a project,navigation,,/contact,https://irgmedia.org/contact,,True,True,False,False,200,Committed-file lookup; fragment IDs parsed from source HTML. HTTP status is not inferred.
https://irgmedia.org/work/hospitality-travel-brief,https://irgmedia.org/services,Services,navigation,,/services,https://irgmedia.org/services,,True,True,False,False,200,Committed-file lookup; fragment IDs parsed from source HTML. HTTP status is not inferred.
https://irgmedia.org/work/hospitality-travel-brief,https://irgmedia.org/why-irg,Why IRG,navigation,,/why-irg,https://irgmedia.org/why-irg,,True,True,False,False,200,Committed-file lookup; fragment IDs parsed from source HTML. HTTP status is not inferred.
https://irgmedia.org/work/hospitality-travel-brief,https://irgmedia.org/resources,Resources,navigation,,/resources,https://irgmedia.org/resources,,True,True,False,False,200,Committed-file lookup; fragment IDs parsed from source HTML. HTTP status is not inferred.
https://irgmedia.org/work/hospitality-travel-brief,https://irgmedia.org/work,Work,navigation,,/work,https://irgmedia.org/work,,True,True,False,False,200,Committed-file lookup; fragment IDs parsed from source HTML. HTTP status is not inferred.
https://irgmedia.org/work/hospitality-travel-brief,https://irgmedia.org/approach,Approach,navigation,,/approach,https://irgmedia.org/approach,,True,True,False,False,200,Committed-file lookup; fragment IDs parsed from source HTML. HTTP status is not inferred.
https://irgmedia.org/work/hospitality-travel-brief,https://irgmedia.org/about,About,navigation,,/about,https://irgmedia.org/about,,True,True,False,False,200,Committed-file lookup; fragment IDs parsed from source HTML. HTTP status is not inferred.
https://irgmedia.org/work/hospitality-travel-brief,https://irgmedia.org/contact,Contact,navigation,,/contact,https://irgmedia.org/contact,,True,True,False,False,200,Committed-file lookup; fragment IDs parsed from source HTML. HTTP status is not inferred.
https://irgmedia.org/work/hospitality-travel-brief,https://irgmedia.org/contact,Start a project,navigation,,/contact,https://irgmedia.org/contact,,True,True,False,False,200,Committed-file lookup; fragment IDs parsed from source HTML. HTTP status is not inferred.
https://irgmedia.org/work,https://irgmedia.org/work#main,Skip to content,contextual,,/work,https://irgmedia.org/work,main,True,True,False,False,200,Committed-file lookup; fragment IDs parsed from source HTML. HTTP status is not inferred.
https://irgmedia.org/work,https://irgmedia.org/index.html,IRG,navigation,,/,https://irgmedia.org/,,True,True,True,False,200,Committed-file lookup; fragment IDs parsed from source HTML. HTTP status is not inferred.
https://irgmedia.org/work,https://irgmedia.org/services.html,Services,navigation,,/services,https://irgmedia.org/services,,True,True,True,False,200,Committed-file lookup; fragment IDs parsed from source HTML. HTTP status is not inferred.
https://irgmedia.org/work,https://irgmedia.org/why-irg.html,Why IRG,navigation,,/why-irg,https://irgmedia.org/why-irg,,True,True,True,False,200,Committed-file lookup; fragment IDs parsed from source HTML. HTTP status is not inferred.
https://irgmedia.org/work,https://irgmedia.org/approach.html,Approach,navigation,,/approach,https://irgmedia.org/approach,,True,True,True,False,200,Committed-file lookup; fragment IDs parsed from source HTML. HTTP status is not inferred.
https://irgmedia.org/work,https://irgmedia.org/work.html,Work,navigation,,/work,https://irgmedia.org/work,,True,True,True,False,200,Committed-file lookup; fragment IDs parsed from source HTML. HTTP status is not inferred.
https://irgmedia.org/work,https://irgmedia.org/resources.html,Resources,navigation,,/resources,https://irgmedia.org/resources,,True,True,True,False,200,Committed-file lookup; fragment IDs parsed from source HTML. HTTP status is not inferred.
https://irgmedia.org/work,https://irgmedia.org/about.html,About,navigation,,/about,https://irgmedia.org/about,,True,True,True,False,200,Committed-file lookup; fragment IDs parsed from source HTML. HTTP status is not inferred.
https://irgmedia.org/work,https://irgmedia.org/contact.html,Start a project,navigation,,/contact,https://irgmedia.org/contact,,True,True,True,False,200,Committed-file lookup; fragment IDs parsed from source HTML. HTTP status is not inferred.
https://irgmedia.org/work,https://irgmedia.org/index.html,IRG,navigation,,/,https://irgmedia.org/,,True,True,True,False,200,Committed-file lookup; fragment IDs parsed from source HTML. HTTP status is not inferred.
https://irgmedia.org/work,https://irgmedia.org/index.html,IRG,navigation,,/,https://irgmedia.org/,,True,True,True,False,200,Committed-file lookup; fragment IDs parsed from source HTML. HTTP status is not inferred.
https://irgmedia.org/work,https://irgmedia.org/work/holafly.html,"Holafly A connected creator programme for Holafly. An always-on creator programme across the UK, Australia, California and Saudi Arabia , built around continuous sourcing , stronger briefs and repeat partnerships . Fit Creator relevance Delivery Briefs and coordination Learning Next-campaign decisions Holafly · Travel",contextual,Case studies,/work/holafly,https://irgmedia.org/work/holafly,,True,True,True,False,200,Committed-file lookup; fragment IDs parsed from source HTML. HTTP status is not inferred.
https://irgmedia.org/work,https://irgmedia.org/work/holafly#markets,"UK, Australia, California and Saudi Arabia",contextual,Case studies,/work/holafly,https://irgmedia.org/work/holafly,markets,True,True,False,False,200,Committed-file lookup; fragment IDs parsed from source HTML. HTTP status is not inferred.
https://irgmedia.org/work,https://irgmedia.org/services#creator-access,continuous sourcing,contextual,Case studies,/services,https://irgmedia.org/services,creator-access,True,True,False,False,200,Committed-file lookup; fragment IDs parsed from source HTML. HTTP status is not inferred.
https://irgmedia.org/work,https://irgmedia.org/approach#frame,stronger briefs,contextual,Case studies,/approach,https://irgmedia.org/approach,frame,True,True,False,False,200,Committed-file lookup; fragment IDs parsed from source HTML. HTTP status is not inferred.
https://irgmedia.org/work,https://irgmedia.org/work/always-on-program,repeat partnerships,contextual,Case studies,/work/always-on-program,https://irgmedia.org/work/always-on-program,,True,True,False,False,200,Committed-file lookup; fragment IDs parsed from source HTML. HTTP status is not inferred.
https://irgmedia.org/work,https://irgmedia.org/work/campaign-operations.html,"Format example Briefs, approvals, and delivery in one run Format example. How IRG operates a campaign once the roster is set. No client named. Campaign Operations",contextual,Case studies,/work/campaign-operations,https://irgmedia.org/work/campaign-operations,,True,True,True,False,200,Committed-file lookup; fragment IDs parsed from source HTML. HTTP status is not inferred.
https://irgmedia.org/work,https://irgmedia.org/work/always-on-program.html,"Format example A retained creator rhythm, not a one-off burst Format example. How an always-on program would be framed for lifestyle brands. Always-On Program",contextual,Case studies,/work/always-on-program,https://irgmedia.org/work/always-on-program,,True,True,True,False,200,Committed-file lookup; fragment IDs parsed from source HTML. HTTP status is not inferred.
https://irgmedia.org/work,https://irgmedia.org/work/hospitality-travel-brief.html,"Format example A hospitality stay, told through the right creators Format example. A travel and hospitality brief showing how a published case will sit on this rail. Not a named brand. Hospitality · Travel",contextual,Case studies,/work/hospitality-travel-brief,https://irgmedia.org/work/hospitality-travel-brief,,True,True,True,False,200,Committed-file lookup; fragment IDs parsed from source HTML. HTTP status is not inferred.
https://irgmedia.org/work,https://irgmedia.org/services#target-markets,"Find your market context Travel, hospitality and lifestyle sections. ↗",related,,/services,https://irgmedia.org/services,target-markets,True,True,False,False,200,Committed-file lookup; fragment IDs parsed from source HTML. HTTP status is not inferred.
https://irgmedia.org/work,https://irgmedia.org/services#performance-learning,"Inspect performance learning See the inputs, evidence and next-step deliverable. ↗",related,,/services,https://irgmedia.org/services,performance-learning,True,True,False,False,200,Committed-file lookup; fragment IDs parsed from source HTML. HTTP status is not inferred.
https://irgmedia.org/work,https://irgmedia.org/contact,Start with your brief Discuss the audience and business objective. ↗,related,,/contact,https://irgmedia.org/contact,,True,True,False,False,200,Committed-file lookup; fragment IDs parsed from source HTML. HTTP status is not inferred.
https://irgmedia.org/work,https://irgmedia.org/services.html,Services,navigation,,/services,https://irgmedia.org/services,,True,True,True,False,200,Committed-file lookup; fragment IDs parsed from source HTML. HTTP status is not inferred.
https://irgmedia.org/work,https://irgmedia.org/why-irg.html,Why IRG,navigation,,/why-irg,https://irgmedia.org/why-irg,,True,True,True,False,200,Committed-file lookup; fragment IDs parsed from source HTML. HTTP status is not inferred.
https://irgmedia.org/work,https://irgmedia.org/resources.html,Resources,navigation,,/resources,https://irgmedia.org/resources,,True,True,True,False,200,Committed-file lookup; fragment IDs parsed from source HTML. HTTP status is not inferred.
https://irgmedia.org/work,https://irgmedia.org/work.html,Work,navigation,,/work,https://irgmedia.org/work,,True,True,True,False,200,Committed-file lookup; fragment IDs parsed from source HTML. HTTP status is not inferred.
https://irgmedia.org/work,https://irgmedia.org/approach.html,Approach,navigation,,/approach,https://irgmedia.org/approach,,True,True,True,False,200,Committed-file lookup; fragment IDs parsed from source HTML. HTTP status is not inferred.
https://irgmedia.org/work,https://irgmedia.org/about.html,About,navigation,,/about,https://irgmedia.org/about,,True,True,True,False,200,Committed-file lookup; fragment IDs parsed from source HTML. HTTP status is not inferred.
https://irgmedia.org/work,https://irgmedia.org/contact.html,Contact,navigation,,/contact,https://irgmedia.org/contact,,True,True,True,False,200,Committed-file lookup; fragment IDs parsed from source HTML. HTTP status is not inferred.
https://irgmedia.org/work,https://irgmedia.org/contact.html,Start a project,navigation,,/contact,https://irgmedia.org/contact,,True,True,True,False,200,Committed-file lookup; fragment IDs parsed from source HTML. HTTP status is not inferred.
https://irgmedia.org/work,https://irgmedia.org/services.html,Services,navigation,,/services,https://irgmedia.org/services,,True,True,True,False,200,Committed-file lookup; fragment IDs parsed from source HTML. HTTP status is not inferred.
https://irgmedia.org/work,https://irgmedia.org/why-irg.html,Why IRG,navigation,,/why-irg,https://irgmedia.org/why-irg,,True,True,True,False,200,Committed-file lookup; fragment IDs parsed from source HTML. HTTP status is not inferred.
https://irgmedia.org/work,https://irgmedia.org/resources.html,Resources,navigation,,/resources,https://irgmedia.org/resources,,True,True,True,False,200,Committed-file lookup; fragment IDs parsed from source HTML. HTTP status is not inferred.
https://irgmedia.org/work,https://irgmedia.org/work.html,Work,navigation,,/work,https://irgmedia.org/work,,True,True,True,False,200,Committed-file lookup; fragment IDs parsed from source HTML. HTTP status is not inferred.
https://irgmedia.org/work,https://irgmedia.org/approach.html,Approach,navigation,,/approach,https://irgmedia.org/approach,,True,True,True,False,200,Committed-file lookup; fragment IDs parsed from source HTML. HTTP status is not inferred.
https://irgmedia.org/work,https://irgmedia.org/about.html,About,navigation,,/about,https://irgmedia.org/about,,True,True,True,False,200,Committed-file lookup; fragment IDs parsed from source HTML. HTTP status is not inferred.
https://irgmedia.org/work,https://irgmedia.org/contact.html,Contact,navigation,,/contact,https://irgmedia.org/contact,,True,True,True,False,200,Committed-file lookup; fragment IDs parsed from source HTML. HTTP status is not inferred.
https://irgmedia.org/work,https://irgmedia.org/contact.html,Start a project,navigation,,/contact,https://irgmedia.org/contact,,True,True,True,False,200,Committed-file lookup; fragment IDs parsed from source HTML. HTTP status is not inferred.
https://irgmedia.org/work,https://irgmedia.org/services.html,Services,navigation,,/services,https://irgmedia.org/services,,True,True,True,False,200,Committed-file lookup; fragment IDs parsed from source HTML. HTTP status is not inferred.
https://irgmedia.org/work,https://irgmedia.org/why-irg.html,Why IRG,navigation,,/why-irg,https://irgmedia.org/why-irg,,True,True,True,False,200,Committed-file lookup; fragment IDs parsed from source HTML. HTTP status is not inferred.
https://irgmedia.org/work,https://irgmedia.org/resources.html,Resources,navigation,,/resources,https://irgmedia.org/resources,,True,True,True,False,200,Committed-file lookup; fragment IDs parsed from source HTML. HTTP status is not inferred.
https://irgmedia.org/work,https://irgmedia.org/work.html,Work,navigation,,/work,https://irgmedia.org/work,,True,True,True,False,200,Committed-file lookup; fragment IDs parsed from source HTML. HTTP status is not inferred.
https://irgmedia.org/work,https://irgmedia.org/approach.html,Approach,navigation,,/approach,https://irgmedia.org/approach,,True,True,True,False,200,Committed-file lookup; fragment IDs parsed from source HTML. HTTP status is not inferred.
https://irgmedia.org/work,https://irgmedia.org/about.html,About,navigation,,/about,https://irgmedia.org/about,,True,True,True,False,200,Committed-file lookup; fragment IDs parsed from source HTML. HTTP status is not inferred.
https://irgmedia.org/work,https://irgmedia.org/contact.html,Contact,navigation,,/contact,https://irgmedia.org/contact,,True,True,True,False,200,Committed-file lookup; fragment IDs parsed from source HTML. HTTP status is not inferred.
https://irgmedia.org/work,https://irgmedia.org/contact.html,Start a project,navigation,,/contact,https://irgmedia.org/contact,,True,True,True,False,200,Committed-file lookup; fragment IDs parsed from source HTML. HTTP status is not inferred.
